English,hi,bn,te,mr,ta,gu,kn,ml,pa,or,as,ur,sa,ne,kok,mai,doi,bodo,sd,ks,mni,sat
15-min online session,15 मिनट का ऑनलाइन सत्र,১৫ মিনিটের অনলাইন সেশন,15-నిమిషాల ఆన్‌లైన్ సెషన్,15 मिनिटांचे ऑनलाइन सत्र,15 நிமிட ஆன்லைன் அமர்வு,15-મિનિટનું ઓનલાઇન સેશન,15-ನಿಮಿಷದ ಆನ್‌ಲೈನ್ ಸೆಷನ್,15 മിനിറ്റ് ഓൺലൈൻ സെഷൻ,15-ਮਿੰਟ ਆਨਲਾਈਨ ਸੈਸ਼ਨ,୧୫-ମିନିଟ୍‍ର ଅନଲାଇନ୍ ସେସନ୍,১৫-মিনিটৰ অনলাইন ছেছন,15 منٹ کا آن لائن سیشن,१५-निमेषीयं जालसत्रम्,१५-मिनेटको अनलाइन सत्र,,,,,,,,
1:1 with a spine coach,स्पाइन कोच के साथ 1:1,স্পাইন কোচের সাথে ১:১,స్పైన్ కోచ్‌తో 1:1,स्पाइन कोचसोबत 1:1,முதுகுத்தண்டு பயிற்சியாளருடன் 1:1,સ્પાઇન કોચ સાથે 1:1,ಸ್ಪೈನ್ ಕೋಚ್‌ರೊಂದಿಗೆ 1:1,സ്പൈൻ കോച്ചുമായി 1:1,ਸਪਾਈਨ ਕੋਚ ਨਾਲ 1:1,ସ୍ପାଇନ୍ କୋଚ୍ ସହ ୧:୧,স্পাইন কোচৰ সৈতে ১:১,اسپائن کوچ کے ساتھ انفرادی نشست,मेरुप्रशिक्षकेण सह १:१,स्पाइन कोचसँग १:१,,,,,,,,
3 to 6 weeks,3 से 6 सप्ताह,৩ থেকে ৬ সপ্তাহ,3 నుండి 6 వారాలు,3 ते 6 आठवडे,3 முதல் 6 வாரங்கள்,3 થી 6 અઠવાડિયાં,3 ರಿಂದ 6 ವಾರಗಳು,3 മുതൽ 6 ആഴ്ച വരെ,3 ਤੋਂ 6 ਹਫ਼ਤੇ,୩ରୁ ୬ ସପ୍ତାହ,৩ৰ পৰা ৬ সপ্তাহ,3 سے 6 ہفتے,३ तः ६ सप्ताहाः,३ देखि ६ हप्ता,,,,,,,,
"A doctor-verified, 6-step lumbar screening — then a daily tracker that earns you rewards.","डॉक्टर-सत्यापित, 6-चरण की लंबर जाँच — फिर एक दैनिक ट्रैकर जो आपको इनाम दिलाता है।","ডাক্তার-যাচাইকৃত, ৬-ধাপের কোমর স্ক্রিনিং — এরপর একটি দৈনিক ট্র্যাকার যা আপনাকে পুরস্কার এনে দেয়।","డాక్టర్-ధృవీకరించిన, 6-దశల నడుము స్క్రీనింగ్ — ఆపై మీకు రివార్డులు సంపాదించిపెట్టే రోజువారీ ట్రాకర్.","डॉक्टर-पडताळणी केलेली, 6-टप्प्यांची कंबर तपासणी — त्यानंतर बक्षिसे मिळवून देणारा रोजचा ट्रॅकर.","மருத்துவர் சரிபார்த்த, 6-படி இடுப்பு முதுகுத்தண்டு பரிசோதனை — பின்னர் வெகுமதிகளைப் பெறும் தினசரி கண்காணிப்பு.","ડોક્ટર-ચકાસિત, 6-પગલાંની કમરની તપાસ — અને પછી રોજનો ટ્રેકર જે તમને ઇનામ અપાવે.","ವೈದ್ಯರಿಂದ ಪರಿಶೀಲಿಸಲ್ಪಟ್ಟ, 6-ಹಂತದ ಸೊಂಟದ ಸ್ಕ್ರೀನಿಂಗ್ — ನಂತರ ಬಹುಮಾನಗಳನ್ನು ಗಳಿಸಿಕೊಡುವ ದೈನಂದಿನ ಟ್ರ್ಯಾಕರ್.","ഡോക്ടർ പരിശോധിച്ച, 6 ഘട്ട നടുവ് സ്ക്രീനിംഗ് — തുടർന്ന് റിവാർഡുകൾ നേടിത്തരുന്ന ദൈനംദിന ട്രാക്കർ.","ਡਾਕਟਰ ਵੱਲੋਂ ਪ੍ਰਮਾਣਿਤ, 6-ਪੜਾਅ ਵਾਲੀ ਲੰਬਰ ਜਾਂਚ — ਫਿਰ ਇੱਕ ਰੋਜ਼ਾਨਾ ਟਰੈਕਰ ਜੋ ਤੁਹਾਨੂੰ ਇਨਾਮ ਦਿਵਾਉਂਦਾ ਹੈ।","ଡାକ୍ତରଙ୍କ ଦ୍ୱାରା ଯାଞ୍ଚିତ, ୬-ସୋପାନ ବିଶିଷ୍ଟ କଟି (ଲମ୍ବାର) ସ୍କ୍ରିନିଂ — ତାପରେ ଏକ ଦୈନିକ ଟ୍ରାକର ଯାହା ଆପଣଙ୍କୁ ପୁରସ୍କାର ଦିଏ।","চিকিৎসকৰ দ্বাৰা প্ৰমাণিত, ৬-পদক্ষেপীয় কঁকালৰ পৰীক্ষণ — তাৰ পিছত এটা দৈনন্দিন ট্ৰেকাৰ যিয়ে আপোনাক পুৰস্কাৰ আনি দিয়ে।",ڈاکٹر سے تصدیق شدہ، 6 مرحلوں پر مشتمل کمر (لمبر) کی اسکریننگ — پھر روزانہ ٹریکر جو آپ کو انعامات دلائے۔,वैद्यप्रमाणितं ६-सोपानं कटिमेरुपरीक्षणम् — ततः प्रतिदिनं पुरस्कारार्जकः अनुसरणकः।,"डाक्टरद्वारा प्रमाणित, ६-चरणको कम्मरको जाँच — त्यसपछि दैनिक ट्र्याकर जसले तपाईंलाई पुरस्कार दिलाउँछ।",,,,,,,,
A few basics,कुछ बुनियादी बातें,কিছু মৌলিক তথ্য,కొన్ని ప్రాథమిక వివరాలు,काही मूलभूत माहिती,சில அடிப்படைகள்,કેટલીક પાયાની માહિતી,ಕೆಲವು ಮೂಲಭೂತ ಮಾಹಿತಿ,ചില അടിസ്ഥാന വിവരങ്ങൾ,ਕੁਝ ਮੁੱਢਲੀਆਂ ਗੱਲਾਂ,କିଛି ମୌଳିକ ତଥ୍ୟ,কেইটামান মৌলিক তথ্য,چند بنیادی باتیں,कतिचन मूलविषयाः,केही आधारभूत कुरा,,,,,,,,
A few habits and symptoms are ageing your spine faster than your years. Small daily corrections can reverse this.,कुछ आदतें और लक्षण आपकी रीढ़ को आपकी उम्र से तेज़ी से बूढ़ा कर रहे हैं। छोटे दैनिक सुधार इसे पलट सकते हैं।,কয়েকটি অভ্যাস ও উপসর্গ আপনার বয়সের চেয়ে দ্রুত আপনার মেরুদণ্ডকে বুড়িয়ে দিচ্ছে। ছোট দৈনিক সংশোধন এটি ফিরিয়ে আনতে পারে।,"కొన్ని అలవాట్లు, లక్షణాలు మీ వెన్నెముకను మీ వయసు కంటే వేగంగా ముసలిదిగా చేస్తున్నాయి. చిన్న రోజువారీ మార్పులతో దీన్ని తిప్పికొట్టవచ్చు.",काही सवयी आणि लक्षणे तुमच्या मणक्याला तुमच्या वयापेक्षा वेगाने वृद्ध करत आहेत. रोजच्या लहान सुधारणांनी हे उलट करता येते.,சில பழக்கங்களும் அறிகுறிகளும் உங்கள் வயதைவிட வேகமாக உங்கள் முதுகுத்தண்டை வயதாக்குகின்றன. சிறு தினசரி திருத்தங்கள் இதை மாற்றியமைக்கும்.,કેટલીક આદતો અને લક્ષણો તમારી કરોડરજ્જુને તમારી ઉંમર કરતાં ઝડપથી વૃદ્ધ બનાવી રહ્યાં છે. રોજના નાના સુધારા આને ઉલટાવી શકે છે.,ಕೆಲವು ಅಭ್ಯಾಸಗಳು ಮತ್ತು ಲಕ್ಷಣಗಳು ನಿಮ್ಮ ಬೆನ್ನುಮೂಳೆಯನ್ನು ನಿಮ್ಮ ವಯಸ್ಸಿಗಿಂತ ವೇಗವಾಗಿ ವಯಸ್ಸಾಗಿಸುತ್ತಿವೆ. ಸಣ್ಣ ದೈನಂದಿನ ತಿದ್ದುಪಡಿಗಳು ಇದನ್ನು ಹಿಂದಿರುಗಿಸಬಹುದು.,ചില ശീലങ്ങളും ലക്ഷണങ്ങളും നിങ്ങളുടെ പ്രായത്തെക്കാൾ വേഗത്തിൽ നട്ടെല്ലിനെ പ്രായമാക്കുന്നു. ചെറിയ ദൈനംദിന തിരുത്തലുകൾ ഇത് മാറ്റാം.,ਕੁਝ ਆਦਤਾਂ ਅਤੇ ਲੱਛਣ ਤੁਹਾਡੀ ਰੀੜ੍ਹ ਨੂੰ ਤੁਹਾਡੀ ਉਮਰ ਨਾਲੋਂ ਤੇਜ਼ੀ ਨਾਲ ਬੁੱਢਾ ਕਰ ਰਹੇ ਹਨ। ਛੋਟੀਆਂ ਰੋਜ਼ਾਨਾ ਤਬਦੀਲੀਆਂ ਇਸਨੂੰ ਉਲਟਾ ਸਕਦੀਆਂ ਹਨ।,କିଛି ଅଭ୍ୟାସ ଓ ଲକ୍ଷଣ ଆପଣଙ୍କ ବୟସଠାରୁ ଅଧିକ ବେଗରେ ମେରୁଦଣ୍ଡକୁ ବୃଦ୍ଧ କରୁଛି। ଛୋଟ ଦୈନିକ ସଂଶୋଧନ ଏହାକୁ ଓଲଟାଇ ପାରେ।,কেইটামান অভ্যাস আৰু লক্ষণে আপোনাৰ বয়সতকৈ আপোনাৰ মেৰুদণ্ড দ্ৰুতগতিত বুঢ়া কৰি তুলিছে। সৰু সৰু দৈনন্দিন সংশোধনে ইয়াক ওলোটাব পাৰে।,کچھ عادتیں اور علامات آپ کی ریڑھ کی ہڈی کو آپ کی عمر سے زیادہ تیزی سے بوڑھا کر رہی ہیں۔ روزانہ کی چھوٹی اصلاحات اسے واپس پلٹ سکتی ہیں۔,केचन अभ्यासाः लक्षणानि च तव वयसः अपेक्षया शीघ्रं मेरुं जरयन्ति। लघुप्रतिदिनसंशोधनैः इदं प्रतिवर्तितुं शक्यते।,केही बानी र लक्षणहरूले तपाईंको मेरुदण्डलाई उमेरभन्दा छिटो बूढो बनाइरहेका छन्। सानो दैनिक सुधारले यसलाई उल्टाउन सक्छ।,,,,,,,,
About you,आपके बारे में,আপনার সম্পর্কে,మీ గురించి,तुमच्याबद्दल,உங்களைப் பற்றி,તમારા વિશે,ನಿಮ್ಮ ಬಗ್ಗೆ,നിങ്ങളെക്കുറിച്ച്,ਤੁਹਾਡੇ ਬਾਰੇ,ଆପଣଙ୍କ ବିଷୟରେ,আপোনাৰ বিষয়ে,آپ کے بارے میں,त्वत्विषये,तपाईंको बारेमा,,,,,,,,
Acute,तीव्र (एक्यूट),তীব্র,తీవ్రమైన (అక్యూట్),तीव्र,தீவிரம் (Acute),તીવ્ર (એક્યુટ),ತೀವ್ರ,നിശിതം,ਤੀਬਰ,ତୀବ୍ର (ଆକ୍ୟୁଟ୍),তীব্ৰ (একিউট),شدید (ایکیوٹ),तीव्रः,तीव्र,,,,,,,,
Add today’s entry,आज की प्रविष्टि जोड़ें,আজকের এন্ট্রি যোগ করুন,ఈరోజు నమోదు జోడించండి,आजची नोंद जोडा,இன்றைய பதிவைச் சேர்,આજની નોંધ ઉમેરો,ಇಂದಿನ ನಮೂದನ್ನು ಸೇರಿಸಿ,ഇന്നത്തെ വിവരം ചേർക്കുക,ਅੱਜ ਦੀ ਐਂਟਰੀ ਜੋੜੋ,ଆଜିର ଏଣ୍ଟ୍ରି ଯୋଡ଼ନ୍ତୁ,আজিৰ এণ্ট্ৰি যোগ কৰক,آج کا اندراج شامل کریں,अद्यतनप्रविष्टिं योजयतु,आजको प्रविष्टि थप्नुहोस्,,,,,,,,
Adjust weight (kg),वज़न समायोजित करें (kg),ওজন সমন্বয় করুন (কেজি),బరువు సర్దుబాటు చేయండి (కేజీ),वजन समायोजित करा (kg),எடையை சரிசெய் (கி.கி),વજન સમાયોજિત કરો (kg),ತೂಕವನ್ನು ಹೊಂದಿಸಿ (ಕೆ.ಜಿ.),ഭാരം ക്രമീകരിക്കുക (kg),ਭਾਰ ਅਡਜਸਟ ਕਰੋ (ਕਿਲੋ),ଓଜନ ସଜାଡ଼ନ୍ତୁ (କିଗ୍ରା),ওজন সলনি কৰক (কিগ্ৰা),وزن ایڈجسٹ کریں (کلوگرام),भारं समायोजयतु (कि.ग्रा.),तौल मिलाउनुहोस् (केजी),,,,,,,,
Advanced degeneration pattern,उन्नत अपक्षय (डिजेनरेशन) पैटर्न,অগ্রসর ক্ষয়ের ধরন,ముదిరిన క్షీణత నమూనా,प्रगत झीज पद्धत,மேம்பட்ட சிதைவு முறை,અદ્યતન ઘસારાની પેટર્ન,ಮುಂದುವರಿದ ಸವೆತದ ಮಾದರಿ,പുരോഗമിച്ച ശോഷണ മാതൃക,ਉੱਨਤ ਘਸਾਅ ਦਾ ਨਮੂਨਾ,ଅଗ୍ରସର ଅବକ୍ଷୟ ଢାଞ୍ଚା,উন্নত ক্ষয়ৰ আৰ্হি,ترقی یافتہ تنزلی کا نمونہ,प्रगतक्षयप्रतिरूपम्,उन्नत क्षयको ढाँचा,,,,,,,,
Advanced tracking & insights,उन्नत ट्रैकिंग और जानकारी,উন্নত ট্র্যাকিং ও বিশ্লেষণ,అధునాతన ట్రాకింగ్ & విశ్లేషణలు,प्रगत ट्रॅकिंग आणि माहिती,மேம்பட்ட கண்காணிப்பு & நுண்ணறிவுகள்,અદ્યતન ટ્રેકિંગ અને આંતરદૃષ્ટિ,ಸುಧಾರಿತ ಟ್ರ್ಯಾಕಿಂಗ್ ಮತ್ತು ಒಳನೋಟಗಳು,നൂതന ട്രാക്കിംഗും ഉൾക്കാഴ്ചകളും,ਉੱਨਤ ਟਰੈਕਿੰਗ ਅਤੇ ਜਾਣਕਾਰੀ,ଉନ୍ନତ ଟ୍ରାକିଂ ଓ ଅନ୍ତର୍ଦୃଷ୍ଟି,উন্নত ট্ৰেকিং আৰু অন্তৰ্দৃষ্টি,جدید ٹریکنگ اور بصیرت,प्रगतम् अनुसरणं अन्तर्दृष्टयश्च,उन्नत ट्र्याकिङ र अन्तर्दृष्टि,,,,,,,,
Age,उम्र,বয়স,వయసు,वय,வயது,ઉંમર,ವಯಸ್ಸು,പ്രായം,ਉਮਰ,ବୟସ,বয়স,عمر,वयः,उमेर,,,,,,,,
Age · Sex,उम्र · लिंग,বয়স · লিঙ্গ,వయసు · లింగం,वय · लिंग,வயது · பாலினம்,ઉંમર · લિંગ,ವಯಸ್ಸು · ಲಿಂಗ,പ്രായം · ലിംഗം,ਉਮਰ · ਲਿੰਗ,ବୟସ · ଲିଙ୍ଗ,বয়স · লিংগ,عمر · جنس,वयः · लिङ्गम्,उमेर · लिङ्ग,,,,,,,,
Age-specific spine pattern,उम्र-विशिष्ट रीढ़ पैटर्न,বয়স-নির্দিষ্ট মেরুদণ্ডের ধরন,వయసు-నిర్దిష్ట వెన్నెముక నమూనా,वय-विशिष्ट मणका पद्धत,வயதுக்கேற்ற முதுகுத்தண்டு முறை,ઉંમર-આધારિત કરોડરજ્જુ પેટર્ન,ವಯಸ್ಸಿಗೆ ಅನುಗುಣವಾದ ಬೆನ್ನುಮೂಳೆ ಮಾದರಿ,പ്രായാധിഷ്ഠിത നട്ടെല്ല് മാതൃക,ਉਮਰ-ਅਨੁਸਾਰ ਰੀੜ੍ਹ ਦਾ ਨਮੂਨਾ,ବୟସ-ନିର୍ଦ୍ଦିଷ୍ଟ ମେରୁଦଣ୍ଡ ଢାଞ୍ଚା,বয়স-নিৰ্দিষ্ট মেৰুদণ্ডৰ আৰ্হি,عمر کے لحاظ سے ریڑھ کی ہڈی کا نمونہ,वयोनिर्दिष्टं मेरुप्रतिरूपम्,उमेर-अनुसारको मेरुदण्ड ढाँचा,,,,,,,,
An irritated nerve in the lower back sends pain down the leg — like a current,पीठ के निचले हिस्से की एक उत्तेजित नस पैर तक दर्द भेजती है — जैसे करंट,কোমরের একটি উত্তেজিত স্নায়ু পায়ে ব্যথা পাঠায় — বিদ্যুৎ প্রবাহের মতো,నడుములోని చికాకుపడిన నరం కాలులోకి నొప్పిని పంపుతుంది — విద్యుత్ ప్రవాహంలా,कंबरेतील चिडलेली नस पायात वेदना पाठवते — विजेच्या प्रवाहासारखी,கீழ் முதுகில் எரிச்சலடைந்த நரம்பு கால் வழியே மின்னோட்டம் போல வலியை அனுப்புகிறது,કમરમાંની ઉત્તેજિત નસ પગ સુધી દુખાવો મોકલે છે — જાણે કે વીજપ્રવાહ,ಸೊಂಟದಲ್ಲಿನ ಕಿರಿಕಿರಿಗೊಂಡ ನರವು ಕಾಲಿನ ಕೆಳಗೆ ನೋವನ್ನು ಕಳುಹಿಸುತ್ತದೆ — ಒಂದು ವಿದ್ಯುತ್ ಪ್ರವಾಹದಂತೆ,നടുവിലെ ഒരു ഞരമ്പ് ക്ഷോഭിക്കുമ്പോൾ കാലിലേക്ക് — വൈദ്യുതി പോലെ — വേദന അയയ്ക്കുന്നു,ਹੇਠਲੀ ਪਿੱਠ ਦੀ ਇੱਕ ਚਿੜਚਿੜੀ ਨਸ ਲੱਤ ਵੱਲ ਦਰਦ ਭੇਜਦੀ ਹੈ — ਜਿਵੇਂ ਕਰੰਟ,ତଳ ପିଠିର ଏକ ଉତ୍ତେଜିତ ସ୍ନାୟୁ ବେଦନାକୁ ଗୋଡ଼ ତଳକୁ ପଠାଏ — ଯେପରି ଏକ କରେଣ୍ଟ୍,কঁকালৰ এটা উত্তেজিত স্নায়ুৱে ঠেঙলৈ বিষ পঠিয়ায় — এটা কাৰেণ্টৰ দৰে,کمر کی ایک متاثرہ نس درد کو ٹانگ تک بھیجتی ہے — جیسے ایک کرنٹ,कटौ उत्तेजितः स्नायुः पादं प्रति पीडां प्रेषयति — विद्युत्प्रवाहः इव,कम्मरको चिडचिडाएको नसाले खुट्टातिर पीडा पठाउँछ — करेन्ट जस्तै,,,,,,,,
Any of these apply?,क्या इनमें से कोई लागू होता है?,এর কোনোটি প্রযোজ্য?,వీటిలో ఏవైనా వర్తిస్తాయా?,यापैकी काही लागू होते का?,இவற்றில் ஏதேனும் பொருந்துமா?,આમાંથી કોઈ લાગુ પડે છે?,ಇವುಗಳಲ್ಲಿ ಯಾವುದಾದರೂ ಅನ್ವಯಿಸುತ್ತದೆಯೇ?,ഇവയിൽ ഏതെങ്കിലും ബാധകമാണോ?,ਕੀ ਇਹਨਾਂ ਵਿੱਚੋਂ ਕੋਈ ਲਾਗੂ ਹੁੰਦਾ ਹੈ?,ଏଥିମଧ୍ୟରୁ କୌଣସିଟି ଆପଣଙ୍କ କ୍ଷେତ୍ରରେ ପ୍ରଯୁଜ୍ୟ କି?,ইয়াৰে কোনোটো প্ৰযোজ্য নেকি?,کیا ان میں سے کوئی لاگو ہوتا ہے؟,एतेषु किमपि प्रयुज्यते वा?,यीमध्ये कुनै लागू हुन्छ?,,,,,,,,
Any red flag can signal serious pathology and means urgent medical review.,कोई भी रेड फ्लैग गंभीर विकृति का संकेत हो सकता है और इसका अर्थ है तुरंत चिकित्सा समीक्षा।,যেকোনো লাল সংকেত গুরুতর রোগের ইঙ্গিত দিতে পারে এবং জরুরি চিকিৎসা পর্যালোচনা প্রয়োজন।,"ఏ ప్రమాద సంకేతమైనా తీవ్రమైన వ్యాధిని సూచించవచ్చు, దానికి తక్షణ వైద్య పరిశీలన అవసరం.",कोणताही धोक्याचा इशारा गंभीर आजार दर्शवू शकतो आणि तातडीने वैद्यकीय तपासणी आवश्यक असते.,"எந்த எச்சரிக்கை அறிகுறியும் தீவிர நோய்நிலையைக் குறிக்கலாம், அவசர மருத்துவ பரிசோதனை தேவை.",કોઈપણ ચેતવણી-ચિહ્ન ગંભીર બીમારી સૂચવી શકે છે અને તાત્કાલિક તબીબી તપાસ જરૂરી બને છે.,ಯಾವುದೇ ಕೆಂಪು ಗುರುತು ಗಂಭೀರ ಕಾಯಿಲೆಯನ್ನು ಸೂಚಿಸಬಹುದು ಮತ್ತು ತುರ್ತು ವೈದ್ಯಕೀಯ ಪರಿಶೀಲನೆ ಅಗತ್ಯ ಎಂದರ್ಥ.,ഏതൊരു അപായസൂചനയും ഗുരുതരമായ രോഗത്തെ കാണിക്കാം; ഉടനടി വൈദ്യപരിശോധന ആവശ്യമാണ്.,ਕੋਈ ਵੀ ਚੇਤਾਵਨੀ ਨਿਸ਼ਾਨੀ ਗੰਭੀਰ ਬਿਮਾਰੀ ਦਾ ਸੰਕੇਤ ਦੇ ਸਕਦੀ ਹੈ ਅਤੇ ਤੁਰੰਤ ਮੈਡੀਕਲ ਜਾਂਚ ਦੀ ਲੋੜ ਦੱਸਦੀ ਹੈ।,ଯେକୌଣସି ସତର୍କ ସଙ୍କେତ ଗମ୍ଭୀର ରୋଗ ଦର୍ଶାଇ ପାରେ ଏବଂ ତୁରନ୍ତ ଚିକିତ୍ସା ସମୀକ୍ଷା ଆବଶ୍ୟକ କରେ।,যিকোনো ৰেড ফ্লেগে গুৰুতৰ ৰোগ সংকেত দিব পাৰে আৰু ইয়াৰ অৰ্থ হৈছে তৎকালীন চিকিৎসা পৰীক্ষা।,کوئی بھی خطرے کی علامت سنگین بیماری کا اشارہ ہو سکتی ہے اور فوری طبی معائنہ ضروری ہے۔,"किमपि रक्तध्वजचिह्नं गम्भीररोगं सूचयेत्, तत् च तत्क्षणं वैद्यपरीक्षणम् आवश्यकं करोति।",कुनै पनि रेड फ्ल्यागले गम्भीर रोग संकेत गर्न सक्छ र तुरुन्त चिकित्सकीय जाँच आवश्यक भएको जनाउँछ।,,,,,,,,
Assessed,आकलन किया गया,মূল্যায়িত,అంచనా వేయబడింది,मूल्यांकन केले,மதிப்பிடப்பட்டது,મૂલ્યાંકન થયું,ಮೌಲ್ಯಮಾಪನ ಮಾಡಲಾಗಿದೆ,വിലയിരുത്തി,ਜਾਂਚਿਆ ਗਿਆ,ମୂଲ୍ୟାଙ୍କିତ,মূল্যায়িত,جانچا گیا,मूल्यांकितम्,मूल्यांकन गरिएको,,,,,,,,
BMI,,বিএমআই,,,,,,,,,বিএমআই,,,,,,,,,,,
Back pain,पीठ दर्द,কোমর ব্যথা,వెన్నునొప్పి,कंबरदुखी,முதுகு வலி,કમરનો દુખાવો,ಬೆನ್ನು ನೋವು,നടുവേദന,ਪਿੱਠ ਦਰਦ,ପିଠି ବେଦନା,কঁকালৰ বিষ,کمر درد,कटिपीडा,कम्मर दुखाइ,पाटीची दुख,पीठक दर्द,पीठ दा दर्द,बिगुर गोरोनाय,پٺيءَ جو سور,تھٔری دۄد,মতুংগী নাবা,ᱫᱮᱭᱟ ᱦᱟᱥᱩ
Back pain (VAS),पीठ दर्द (VAS),কোমর ব্যথা (VAS),వెన్నునొప్పి (VAS),कंबरदुखी (VAS),முதுகு வலி (VAS),કમરનો દુખાવો (VAS),ಬೆನ್ನು ನೋವು (VAS),നടുവേദന (VAS),ਪਿੱਠ ਦਰਦ (VAS),ପିଠି ବେଦନା (VAS),কঁকালৰ বিষ (VAS),کمر درد (VAS),कटिपीडा (VAS),कम्मर दुखाइ (VAS),,,,,,,,
BackSignal points,BackSignal अंक,BackSignal পয়েন্ট,BackSignal పాయింట్లు,BackSignal गुण,BackSignal புள்ளிகள்,BackSignal પોઇન્ટ,BackSignal ಅಂಕಗಳು,BackSignal പോയിന്റുകൾ,BackSignal ਪੁਆਇੰਟ,BackSignal ପଏଣ୍ଟ,BackSignal পইণ্ট,BackSignal پوائنٹس,BackSignal अंकाः,BackSignal अंक,,,,,,,,
Begin assessment,आकलन शुरू करें,মূল্যায়ন শুরু করুন,అంచనా ప్రారంభించండి,मूल्यांकन सुरू करा,மதிப்பீட்டைத் தொடங்கு,મૂલ્યાંકન શરૂ કરો,ಮೌಲ್ಯಮಾಪನ ಪ್ರಾರಂಭಿಸಿ,വിലയിരുത്തൽ ആരംഭിക്കുക,ਜਾਂਚ ਸ਼ੁਰੂ ਕਰੋ,ମୂଲ୍ୟାଙ୍କନ ଆରମ୍ଭ କରନ୍ତୁ,মূল্যায়ন আৰম্ভ কৰক,تشخیص شروع کریں,मूल्यांकनम् आरभताम्,मूल्यांकन सुरु गर्नुहोस्,मुल्यांकन सुरू करात,मूल्यांकन शुरू करू,मूल्यांकन शुरू करो,बिजिरनाय जागायनाय,جاچ شروع ڪريو,جانٛچ شروٚع کریو,চাং য়েংবা হৌরো,
Body load,शारीरिक भार,শরীরের ভার,శరీర భారం,शरीराचा भार,உடல் சுமை,શરીરનો ભાર,ದೇಹದ ಭಾರ,ശരീരഭാരം,ਸਰੀਰ ਦਾ ਭਾਰ,ଶରୀର ଭାର,শৰীৰৰ ভাৰ,جسمانی بوجھ,देहभारः,शरीरको भार,शरीराचो भार,शरीरक भार,शरीर दा भार,देहानि गोरोब,جسماني بار,,হকচাংগী পোৎলুম,
Body load (BMI),शारीरिक भार (BMI),শরীরের ভার (বিএমআই),శరీర భారం (BMI),शरीराचा भार (BMI),உடல் சுமை (BMI),શરીરનો ભાર (BMI),ದೇಹದ ಭಾರ (BMI),ശരീരഭാരം (BMI),ਸਰੀਰ ਦਾ ਭਾਰ (BMI),ଶରୀର ଭାର (BMI),শৰীৰৰ ভাৰ (BMI),جسمانی بوجھ (BMI),देहभारः (BMI),शरीरको भार (BMI),,,,,,,,
Built on the Spine Severity System (SSS),Spine Severity System (SSS) पर आधारित,Spine Severity System (SSS)-এর উপর নির্মিত,Spine Severity System (SSS) ఆధారంగా రూపొందించబడింది,Spine Severity System (SSS) वर आधारित,Spine Severity System (SSS) அடிப்படையில்,Spine Severity System (SSS) પર આધારિત,ಸ್ಪೈನ್ ಸಿವಿಯರಿಟಿ ಸಿಸ್ಟಮ್ (SSS) ಆಧಾರದ ಮೇಲೆ ನಿರ್ಮಿಸಲಾಗಿದೆ,Spine Severity System (SSS) അടിസ്ഥാനമാക്കി,Spine Severity System (SSS) 'ਤੇ ਆਧਾਰਿਤ,Spine Severity System (SSS) ଉପରେ ଆଧାରିତ,Spine Severity System (SSS)ৰ ওপৰত নিৰ্মিত,Spine Severity System (SSS) پر مبنی,Spine Severity System (SSS) इत्यस्मिन् निर्मितम्,Spine Severity System (SSS) मा आधारित,,,,,,,,
Calibrates your score to your age and body load. Lower-back focus only.,आपके स्कोर को आपकी उम्र और शारीरिक भार के अनुसार समायोजित करता है। केवल पीठ के निचले हिस्से पर केंद्रित।,আপনার স্কোরকে আপনার বয়স ও শরীরের ভারের সাথে সমন্বয় করে। শুধুমাত্র কোমরের উপর ফোকাস।,"మీ స్కోర్‌ను మీ వయసు, శరీర భారానికి అనుగుణంగా సర్దుబాటు చేస్తుంది. నడుముపై మాత్రమే దృష్టి.",तुमचा स्कोअर तुमच्या वयानुसार आणि शरीराच्या भारानुसार जुळवतो. फक्त कंबरेवर केंद्रित.,உங்கள் வயது மற்றும் உடல் சுமைக்கு ஏற்ப உங்கள் மதிப்பெண்ணை சீரமைக்கிறது. கீழ் முதுகில் மட்டுமே கவனம்.,તમારા સ્કોરને તમારી ઉંમર અને શરીરના ભાર પ્રમાણે ગોઠવે છે. ફક્ત કમર પર કેન્દ્રિત.,ನಿಮ್ಮ ವಯಸ್ಸು ಮತ್ತು ದೇಹದ ಭಾರಕ್ಕೆ ನಿಮ್ಮ ಸ್ಕೋರ್ ಅನ್ನು ಹೊಂದಿಸುತ್ತದೆ. ಸೊಂಟದ ಮೇಲೆ ಮಾತ್ರ ಗಮನ.,നിങ്ങളുടെ പ്രായത്തിനും ശരീരഭാരത്തിനും അനുസരിച്ച് സ്കോർ ക്രമീകരിക്കുന്നു. നടുവ് മാത്രം കേന്ദ്രീകരിച്ച്.,ਤੁਹਾਡੇ ਸਕੋਰ ਨੂੰ ਤੁਹਾਡੀ ਉਮਰ ਅਤੇ ਸਰੀਰ ਦੇ ਭਾਰ ਨਾਲ ਮੇਲਦਾ ਹੈ। ਸਿਰਫ਼ ਹੇਠਲੀ ਪਿੱਠ 'ਤੇ ਕੇਂਦਰਿਤ।,ଆପଣଙ୍କ ସ୍କୋରକୁ ଆପଣଙ୍କ ବୟସ ଓ ଶରୀର ଭାର ଅନୁଯାୟୀ ସଜାଡ଼େ। କେବଳ ତଳ ପିଠି ଉପରେ କେନ୍ଦ୍ରିତ।,আপোনাৰ স্ক'ৰক আপোনাৰ বয়স আৰু শৰীৰৰ ভাৰৰ সৈতে খাপ খুৱায়। কেৱল কঁকালত গুৰুত্ব।,آپ کے اسکور کو آپ کی عمر اور جسمانی بوجھ کے مطابق ترتیب دیتا ہے۔ صرف کمر پر توجہ۔,तव अंकं तव वयसा देहभारेण च समायोजयति। केवलं कटिकेन्द्रितम्।,तपाईंको स्कोरलाई उमेर र शरीरको भारअनुसार मिलाउँछ। केवल कम्मरमा केन्द्रित।,,,,,,,,
Choose your language,अपनी भाषा चुनें,আপনার ভাষা নির্বাচন করুন,మీ భాషను ఎంచుకోండి,तुमची भाषा निवडा,உங்கள் மொழியைத் தேர்வுசெய்க,તમારી ભાષા પસંદ કરો,ನಿಮ್ಮ ಭಾಷೆಯನ್ನು ಆಯ್ಕೆಮಾಡಿ,നിങ്ങളുടെ ഭാഷ തിരഞ്ഞെടുക്കുക,ਆਪਣੀ ਭਾਸ਼ਾ ਚੁਣੋ,ଆପଣଙ୍କ ଭାଷା ବାଛନ୍ତୁ,আপোনাৰ ভাষা বাছনি কৰক,اپنی زبان منتخب کریں,तव भाषां वृणुताम्,आफ्नो भाषा छान्नुहोस्,तुमची भास निवडात,अपन भाषा चुनू,अपनी भाशा चुनो,नोंथांनि राव बासिख,پنهنجي ٻولي چونڊيو,پنُن زبان ژارٕو,নহাক্কী লোল খনবিয়ু,ᱟᱢᱟᱜ ᱯᱟᱹᱲᱦᱟᱣ ᱵᱟᱪᱷᱟᱣ
Chronic,दीर्घकालिक (क्रॉनिक),দীর্ঘস্থায়ী,దీర్ఘకాలిక (క్రానిక్),दीर्घकालीन,நாள்பட்ட (Chronic),દીર્ઘકાલીન (ક્રોનિક),ದೀರ್ಘಕಾಲಿಕ,ദീർഘസ്ഥായി,ਪੁਰਾਣਾ (ਕ੍ਰੋਨਿਕ),ଦୀର୍ଘସ୍ଥାୟୀ (କ୍ରୋନିକ୍),দীৰ্ঘম্যাদী (ক্ৰনিক),دائمی (کرونک),दीर्घकालिकः,दीर्घकालीन,,,,,,,,
Chronicity,दीर्घकालिकता (क्रॉनिसिटी),দীর্ঘস্থায়িত্ব,దీర్ఘకాలికత,दीर्घकालीनता,நாள்பட்ட தன்மை,દીર્ઘકાલીનતા,ದೀರ್ಘಕಾಲಿಕತೆ,ദൈർഘ്യം,ਪੁਰਾਣਾਪਣ (ਕ੍ਰੋਨਿਸਿਟੀ),ଦୀର୍ଘସ୍ଥାୟିତା,দীৰ্ঘম্যাদীতা,دائمیت,दीर्घकालिकता,दीर्घकालीनता,,,,,,,,
Connect,कनेक्ट करें,সংযুক্ত করুন,కనెక్ట్ చేయండి,कनेक्ट करा,இணை,કનેક્ટ કરો,ಸಂಪರ್ಕಿಸಿ,ബന്ധിപ്പിക്കുക,ਜੋੜੋ,ସଂଯୋଗ କରନ୍ତୁ,সংযোগ কৰক,منسلک کریں,संयोजयतु,जडान गर्नुहोस्,,,,,,,,
Connect a health device,एक हेल्थ डिवाइस कनेक्ट करें,একটি স্বাস্থ্য ডিভাইস সংযুক্ত করুন,ఆరోగ్య పరికరాన్ని కనెక్ట్ చేయండి,आरोग्य उपकरण कनेक्ट करा,ஒரு சுகாதார சாதனத்தை இணை,હેલ્થ ડિવાઇસ કનેક્ટ કરો,ಆರೋಗ್ಯ ಸಾಧನವನ್ನು ಸಂಪರ್ಕಿಸಿ,ഒരു ഹെൽത്ത് ഉപകരണം ബന്ധിപ്പിക്കുക,ਇੱਕ ਹੈਲਥ ਡਿਵਾਈਸ ਜੋੜੋ,ଏକ ସ୍ୱାସ୍ଥ୍ୟ ଡିଭାଇସ୍ ସଂଯୋଗ କରନ୍ତୁ,এটা স্বাস্থ্য ডিভাইচ সংযোগ কৰক,ہیلتھ ڈیوائس منسلک کریں,स्वास्थ्योपकरणं संयोजयतु,स्वास्थ्य उपकरण जडान गर्नुहोस्,,,,,,,,
"Constant pain or numbness, affects walking","लगातार दर्द या सुन्नपन, चलने को प्रभावित करता है","অবিরাম ব্যথা বা অসাড়তা, হাঁটাচলায় প্রভাব ফেলে","నిరంతర నొప్పి లేదా తిమ్మిరి, నడకను ప్రభావితం చేస్తుంది","सतत वेदना किंवा बधिरता, चालण्यावर परिणाम","தொடர்ச்சியான வலி அல்லது மரத்துப்போதல், நடப்பதைப் பாதிக்கிறது","સતત દુખાવો કે બહેરાશ, ચાલવામાં અસર કરે છે","ನಿರಂತರ ನೋವು ಅಥವಾ ಮರಗಟ್ಟುವಿಕೆ, ನಡಿಗೆಯ ಮೇಲೆ ಪರಿಣಾಮ ಬೀರುತ್ತದೆ","നിരന്തര വേദനയോ മരവിപ്പോ, നടത്തത്തെ ബാധിക്കുന്നു","ਲਗਾਤਾਰ ਦਰਦ ਜਾਂ ਸੁੰਨਪਣ, ਤੁਰਨ 'ਤੇ ਅਸਰ ਪਾਉਂਦਾ ਹੈ","ଲଗାତାର ବେଦନା କିମ୍ବା ଅବଶତା, ଚାଲିବାକୁ ପ୍ରଭାବିତ କରେ","অবিৰত বিষ বা অসাৰতা, খোজ কঢ়াত প্ৰভাৱ পেলায়",مسلسل درد یا سُن پن، چلنے پر اثر انداز,"निरन्तरा पीडा सुप्तता वा, चलने प्रभावं करोति","लगातार पीडा वा सुन्निएको, हिँडाइमा असर",,,,,,,,
Continue,जारी रखें,চালিয়ে যান,కొనసాగించండి,पुढे चला,தொடர்க,ચાલુ રાખો,ಮುಂದುವರಿಸಿ,തുടരുക,ਜਾਰੀ ਰੱਖੋ,ଅଗ୍ରସର ହୁଅନ୍ତୁ,আগবাঢ়ক,جاری رکھیں,अग्रे चलतु,जारी राख्नुहोस्,चालू दवरात,आगू बढ़ू,जारी रक्खो,थांनाय लाबाय,جاري رکو,جاری تھاو,মখা চত্থরো,ᱞᱟᱦᱟ ᱪᱟᱞᱟᱜ
Daily activities,दैनिक गतिविधियाँ,দৈনন্দিন কাজকর্ম,రోజువారీ కార్యకలాపాలు,रोजच्या क्रिया,தினசரி செயல்பாடுகள்,રોજિંદી પ્રવૃત્તિઓ,ದೈನಂದಿನ ಚಟುವಟಿಕೆಗಳು,ദൈനംദിന പ്രവർത്തനങ്ങൾ,ਰੋਜ਼ਾਨਾ ਕੰਮ,ଦୈନିକ କାର୍ଯ୍ୟକଳାପ,দৈনন্দিন কাম-কাজ,روزمرہ کی سرگرمیاں,प्रातिदिनकार्याणि,दैनिक गतिविधि,,,,,,,,
Daily function,दैनिक कार्यक्षमता,দৈনন্দিন কার্যকারিতা,రోజువారీ పనితీరు,रोजचे कार्य,தினசரி செயல்பாடு,રોજિંદું કાર્ય,ದೈನಂದಿನ ಕಾರ್ಯಚಟುವಟಿಕೆ,ദൈനംദിന പ്രവർത്തനക്ഷമത,ਰੋਜ਼ਾਨਾ ਕੰਮ-ਕਾਜ,ଦୈନିକ କାର୍ଯ୍ୟକ୍ଷମତା,দৈনন্দিন কাৰ্যকৰিতা,روزمرہ کا کام کاج,प्रातिदिनकार्यक्षमता,दैनिक कार्यक्षमता,सदांचें काम,दैनिक काज,रोजमर्रा दा कम्म,सान फ्रोमबो खामानि,روزمره ڪم,روٚزمرٕ کأم,নুমিৎ খুদিংগী থবক,
Disability (ODI),विकलांगता (ODI),অক্ষমতা (ODI),వైకల్యం (ODI),अपंगत्व (ODI),இயலாமை (ODI),અપંગતા (ODI),ಅಂಗವೈಕಲ್ಯ (ODI),വൈകല്യം (ODI),ਅਪੰਗਤਾ (ODI),ଅକ୍ଷମତା (ODI),অক্ষমতা (ODI),معذوری (ODI),विकलाङ्गता (ODI),अशक्तता (ODI),,,,,,,,
Doctor-verified,डॉक्टर-सत्यापित,ডাক্তার-যাচাইকৃত,డాక్టర్-ధృవీకరించిన,डॉक्टर-पडताळणी केलेले,மருத்துவர் சரிபார்த்தது,ડોક્ટર-ચકાસિત,ವೈದ್ಯರಿಂದ ಪರಿಶೀಲಿಸಲ್ಪಟ್ಟ,ഡോക്ടർ പരിശോധിച്ചത്,ਡਾਕਟਰ ਵੱਲੋਂ ਪ੍ਰਮਾਣਿਤ,ଡାକ୍ତରଙ୍କ ଦ୍ୱାରା ଯାଞ୍ଚିତ,চিকিৎসকৰ দ্বাৰা প্ৰমাণিত,ڈاکٹر سے تصدیق شدہ,वैद्यप्रमाणितम्,डाक्टरद्वारा प्रमाणित,डॉक्टर-तपासिल्लें,चिकित्सक-सत्यापित,डाक्टर-सत्यापित,दाक्तर-राहा होनाय,ڊاڪٽر کان تصديق ٿيل,ڈاکٹر تصدیق شدہ,দোক্তরনা শক্তাকখ্রে,ᱫᱟᱠᱴᱟᱨ ᱢᱤᱫᱴᱮᱱ
Dr-approved daily routine,डॉक्टर-अनुमोदित दैनिक दिनचर्या,ডাক্তার-অনুমোদিত দৈনিক রুটিন,డాక్టర్-ఆమోదిత రోజువారీ దినచర్య,डॉक्टर-मंजूर रोजचा दिनक्रम,மருத்துவர் ஒப்புதல் அளித்த தினசரி வழக்கம்,ડોક્ટર-મંજૂર રોજિંદી દિનચર્યા,ವೈದ್ಯರಿಂದ ಅನುಮೋದಿತ ದೈನಂದಿನ ದಿನಚರಿ,ഡോക്ടർ അംഗീകരിച്ച ദൈനംദിന ദിനചര്യ,ਡਾਕਟਰ ਵੱਲੋਂ ਮਨਜ਼ੂਰ ਰੋਜ਼ਾਨਾ ਰੁਟੀਨ,ଡାକ୍ତରଙ୍କ ଦ୍ୱାରା ଅନୁମୋଦିତ ଦୈନିକ ରୁଟିନ୍,ডাক্তৰ-অনুমোদিত দৈনন্দিন ৰুটিন,ڈاکٹر سے منظور شدہ روزانہ معمول,वैद्यानुमोदितं प्रतिदिनक्रमः,डाक्टरद्वारा स्वीकृत दैनिक दिनचर्या,,,,,,,,
Draft translation — not yet clinically reviewed,मसौदा अनुवाद — अभी तक चिकित्सकीय रूप से समीक्षित नहीं,খসড়া অনুবাদ — এখনও চিকিৎসাগতভাবে পর্যালোচিত নয়,ముసాయిదా అనువాదం — ఇంకా వైద్యపరంగా సమీక్షించబడలేదు,मसुदा भाषांतर — अद्याप वैद्यकीयदृष्ट्या तपासलेले नाही,வரைவு மொழிபெயர்ப்பு — இன்னும் மருத்துவ ரீதியாக மதிப்பாய்வு செய்யப்படவில்லை,ડ્રાફ્ટ અનુવાદ — હજુ તબીબી રીતે સમીક્ષા થઈ નથી,ಕರಡು ಅನುವಾದ — ಇನ್ನೂ ವೈದ್ಯಕೀಯವಾಗಿ ಪರಿಶೀಲಿಸಲಾಗಿಲ್ಲ,കരട് വിവർത്തനം — ഇതുവരെ ക്ലിനിക്കലായി പരിശോധിച്ചിട്ടില്ല,ਖਰੜਾ ਅਨੁਵਾਦ — ਅਜੇ ਕਲੀਨਿਕਲ ਤੌਰ 'ਤੇ ਸਮੀਖਿਆ ਨਹੀਂ ਕੀਤੀ ਗਈ,ଖସଡ଼ା ଅନୁବାଦ — ଏ ପର୍ଯ୍ୟନ୍ତ ଚିକିତ୍ସାଗତ ସମୀକ୍ଷା ହୋଇନାହିଁ,প্ৰাৰম্ভিক অনুবাদ — এতিয়াও চিকিৎসাগতভাৱে পৰীক্ষা কৰা হোৱা নাই,مسودہ ترجمہ — ابھی طبی طور پر جائزہ نہیں لیا گیا,प्रारूपानुवादः — अद्यापि चिकित्सकीयरूपेण न समीक्षितः,मस्यौदा अनुवाद — अझै चिकित्सकीय रूपमा समीक्षा गरिएको छैन,,,,,,,,
Duration,अवधि,সময়কাল,వ్యవధి,कालावधी,காலஅளவு,સમયગાળો,ಅವಧಿ,ദൈർഘ്യം,ਮਿਆਦ,ଅବଧି,স্থিতিকাল,دورانیہ,कालावधिः,अवधि,,,,,,,,
Duration changes how lower-back pain is managed.,अवधि बदलती है कि पीठ के निचले हिस्से के दर्द का प्रबंधन कैसे किया जाए।,সময়কাল কোমর ব্যথার চিকিৎসা পদ্ধতি বদলে দেয়।,వ్యవధి నడుము నొప్పిని నిర్వహించే విధానాన్ని మారుస్తుంది.,कालावधीनुसार कंबरदुखीचे व्यवस्थापन बदलते.,காலஅளவு கீழ் முதுகு வலி நிர்வகிக்கப்படும் விதத்தை மாற்றுகிறது.,સમયગાળો કમરના દુખાવાનું સંચાલન કેવી રીતે થાય તે બદલે છે.,ಅವಧಿಯು ಸೊಂಟದ ನೋವನ್ನು ಹೇಗೆ ನಿರ್ವಹಿಸಲಾಗುತ್ತದೆ ಎಂಬುದನ್ನು ಬದಲಾಯಿಸುತ್ತದೆ.,നടുവേദന എങ്ങനെ കൈകാര്യം ചെയ്യണമെന്ന് ദൈർഘ്യം മാറ്റുന്നു.,ਮਿਆਦ ਇਹ ਬਦਲਦੀ ਹੈ ਕਿ ਹੇਠਲੀ ਪਿੱਠ ਦੇ ਦਰਦ ਦਾ ਇਲਾਜ ਕਿਵੇਂ ਕੀਤਾ ਜਾਂਦਾ ਹੈ।,ଅବଧି ତଳ ପିଠି ବେଦନା କିପରି ପରିଚାଳିତ ହୁଏ ତାହା ବଦଳାଇଥାଏ।,স্থিতিকালে কঁকালৰ বিষ কেনেকৈ চম্ভালিব লাগে সেয়া সলনি কৰে।,دورانیہ بدل دیتا ہے کہ کمر درد کا علاج کیسے کیا جائے۔,कालावधिः कटिपीडायाः प्रबन्धनं परिवर्तयति।,अवधिले कम्मर दुखाइको व्यवस्थापन कसरी गरिन्छ भन्ने कुरालाई परिवर्तन गर्छ।,,,,,,,,
Early wear pattern,प्रारंभिक घिसाव (वियर) पैटर्न,প্রাথমিক ক্ষয়ের ধরন,ప్రారంభ అరుగుదల నమూనా,लवकर झीज पद्धत,ஆரம்பகால தேய்மான முறை,શરૂઆતી ઘસારાની પેટર્ન,ಆರಂಭಿಕ ಸವೆತದ ಮಾದರಿ,ആദ്യഘട്ട തേയ്മാന മാതൃക,ਸ਼ੁਰੂਆਤੀ ਘਸਾਅ ਦਾ ਨਮੂਨਾ,ପ୍ରାରମ୍ଭିକ କ୍ଷୟ ଢାଞ୍ଚା,প্ৰাৰম্ভিক ক্ষয়ৰ আৰ্হি,ابتدائی گھساؤ کا نمونہ,प्रारम्भिकक्षयप्रतिरूपम्,प्रारम्भिक क्षयको ढाँचा,,,,,,,,
"Earn points from your assessment, daily tasks and habit goals — redeem them for real rewards.","अपने आकलन, दैनिक कार्यों और आदत लक्ष्यों से अंक कमाएँ — उन्हें असली इनामों के लिए भुनाएँ।","আপনার মূল্যায়ন, দৈনিক কাজ ও অভ্যাসের লক্ষ্য থেকে পয়েন্ট অর্জন করুন — সেগুলো প্রকৃত পুরস্কারে বদলে নিন।","మీ అంచనా, రోజువారీ పనులు, అలవాటు లక్ష్యాల నుండి పాయింట్లు సంపాదించండి — వాటిని నిజమైన రివార్డులకు మార్చుకోండి.","तुमचे मूल्यांकन, रोजची कामे आणि सवयींच्या ध्येयांतून गुण मिळवा — ते खऱ्या बक्षिसांसाठी वापरा.","உங்கள் மதிப்பீடு, தினசரி பணிகள் மற்றும் பழக்க இலக்குகளிலிருந்து புள்ளிகளைப் பெறுங்கள் — அவற்றை உண்மையான வெகுமதிகளுக்கு மாற்றிக்கொள்ளுங்கள்.","તમારા મૂલ્યાંકન, રોજનાં કાર્યો અને આદત-ધ્યેયોમાંથી પોઇન્ટ કમાઓ — તેને સાચા ઇનામો માટે વટાવો.","ನಿಮ್ಮ ಮೌಲ್ಯಮಾಪನ, ದೈನಂದಿನ ಕಾರ್ಯಗಳು ಮತ್ತು ಅಭ್ಯಾಸದ ಗುರಿಗಳಿಂದ ಅಂಕಗಳನ್ನು ಗಳಿಸಿ — ಅವುಗಳನ್ನು ನಿಜವಾದ ಬಹುಮಾನಗಳಿಗೆ ವಿನಿಮಯ ಮಾಡಿಕೊಳ್ಳಿ.","നിങ്ങളുടെ വിലയിരുത്തൽ, ദൈനംദിന ജോലികൾ, ശീല ലക്ഷ്യങ്ങൾ എന്നിവയിൽ നിന്ന് പോയിന്റുകൾ നേടുക — അവ യഥാർത്ഥ റിവാർഡുകൾക്കായി മാറ്റിയെടുക്കുക.","ਆਪਣੀ ਜਾਂਚ, ਰੋਜ਼ਾਨਾ ਕੰਮਾਂ ਅਤੇ ਆਦਤਾਂ ਦੇ ਟੀਚਿਆਂ ਤੋਂ ਪੁਆਇੰਟ ਕਮਾਓ — ਉਹਨਾਂ ਨੂੰ ਅਸਲ ਇਨਾਮਾਂ ਲਈ ਵਟਾਓ।","ଆପଣଙ୍କ ମୂଲ୍ୟାଙ୍କନ, ଦୈନିକ କାର୍ଯ୍ୟ ଓ ଅଭ୍ୟାସ ଲକ୍ଷ୍ୟରୁ ପଏଣ୍ଟ ଅର୍ଜନ କରନ୍ତୁ — ସେଗୁଡ଼ିକୁ ପ୍ରକୃତ ପୁରସ୍କାରରେ ବଦଳାନ୍ତୁ।","আপোনাৰ মূল্যায়ন, দৈনন্দিন কাম আৰু অভ্যাসৰ লক্ষ্যৰ পৰা পইণ্ট অৰ্জন কৰক — সেইবোৰ প্ৰকৃত পুৰস্কাৰৰ বাবে ভঙাওক।",اپنی تشخیص، روزانہ کے کاموں اور عادت کے اہداف سے پوائنٹس کمائیں — انہیں حقیقی انعامات کے بدلے استعمال کریں۔,"तव मूल्यांकनात्, प्रतिदिनकार्येभ्यः, अभ्यासलक्ष्येभ्यः च अंकान् अर्जयतु — तान् वास्तविकपुरस्काराय परिवर्तयतु।","तपाईंको मूल्यांकन, दैनिक काम र बानी लक्ष्यबाट अंक कमाउनुहोस् — तिनलाई वास्तविक पुरस्कारमा भुनाउनुहोस्।",,,,,,,,
"Education, posture correction and regular exercise.","शिक्षा, मुद्रा सुधार और नियमित व्यायाम।","শিক্ষা, ভঙ্গি সংশোধন ও নিয়মিত ব্যায়াম।","విద్య, భంగిమ సవరణ, క్రమం తప్పని వ్యాయామం.","शिक्षण, पवित्रा सुधारणा आणि नियमित व्यायाम.","கல்வி, தோரணை திருத்தம் மற்றும் வழக்கமான உடற்பயிற்சி.","શિક્ષણ, મુદ્રા સુધારણા અને નિયમિત કસરત.","ಶಿಕ್ಷಣ, ಭಂಗಿ ತಿದ್ದುಪಡಿ ಮತ್ತು ನಿಯಮಿತ ವ್ಯಾಯಾಮ.","വിദ്യാഭ്യാസം, ഇരിപ്പുരീതി തിരുത്തൽ, പതിവ് വ്യായാമം.","ਸਿੱਖਿਆ, ਪੋਸਚਰ ਸੁਧਾਰ ਅਤੇ ਨਿਯਮਿਤ ਕਸਰਤ।","ଶିକ୍ଷା, ଭଙ୍ଗୀ ସଂଶୋଧନ ଓ ନିୟମିତ ବ୍ୟାୟାମ।","শিক্ষা, ভংগী সংশোধন আৰু নিয়মীয়া ব্যায়াম।",تعلیم، طرزِ نشست کی اصلاح اور باقاعدہ ورزش۔,"शिक्षणम्, आसनसंशोधनम्, नियमितव्यायामश्च।","शिक्षा, आसन सुधार र नियमित व्यायाम।",,,,,,,,
Enter manually,मैन्युअल रूप से दर्ज करें,হাতে লিখে দিন,మాన్యువల్‌గా నమోదు చేయండి,स्वतः भरा,கைமுறையாக உள்ளிடு,મેન્યુઅલી દાખલ કરો,ಕೈಯಿಂದ ನಮೂದಿಸಿ,നേരിട്ട് നൽകുക,ਹੱਥੀਂ ਦਾਖਲ ਕਰੋ,ମାନୁଆଲ୍ ଭାବେ ଭରନ୍ତୁ,হাতেৰে দিয়ক,دستی طور پر درج کریں,स्वयं प्रविशतु,हातैले प्रविष्ट गर्नुहोस्,,,,,,,,
Excellent spine protection,उत्कृष्ट रीढ़ सुरक्षा,চমৎকার মেরুদণ্ড সুরক্ষা,అద్భుతమైన వెన్నెముక రక్షణ,उत्कृष्ट मणका संरक्षण,சிறந்த முதுகுத்தண்டு பாதுகாப்பு,ઉત્કૃષ્ટ કરોડરજ્જુ સુરક્ષા,ಅತ್ಯುತ್ತಮ ಬೆನ್ನುಮೂಳೆ ರಕ್ಷಣೆ,മികച്ച നട്ടെല്ല് സംരക്ഷണം,ਸ਼ਾਨਦਾਰ ਰੀੜ੍ਹ ਦੀ ਸੁਰੱਖਿਆ,ଉତ୍କୃଷ୍ଟ ମେରୁଦଣ୍ଡ ସୁରକ୍ଷା,উৎকৃষ্ট মেৰুদণ্ড সুৰক্ষা,ریڑھ کی ہڈی کا بہترین تحفظ,उत्कृष्टं मेरुरक्षणम्,उत्कृष्ट मेरुदण्ड सुरक्षा,,,,,,,,
Exercise,व्यायाम,ব্যায়াম,వ్యాయామం,व्यायाम,உடற்பயிற்சி,કસરત,ವ್ಯಾಯಾಮ,വ്യായാമം,ਕਸਰਤ,ବ୍ୟାୟାମ,ব্যায়াম,ورزش,व्यायामः,व्यायाम,व्यायाम,व्यायाम,कसरत,खामानि माव,ورزش,ورزِش,অকোয়বা,ᱠᱟᱥᱨᱚᱛ
Faster & more accurate,तेज़ और अधिक सटीक,দ্রুততর ও আরও নির্ভুল,వేగంగా & మరింత కచ్చితంగా,जलद आणि अधिक अचूक,வேகமான & மிகவும் துல்லியமான,ઝડપી અને વધુ સચોટ,ವೇಗವಾದ ಮತ್ತು ಹೆಚ್ಚು ನಿಖರ,വേഗത്തിലും കൂടുതൽ കൃത്യതയോടെയും,ਤੇਜ਼ ਅਤੇ ਵਧੇਰੇ ਸਹੀ,ଦ୍ରୁତ ଓ ଅଧିକ ସଠିକ,দ্ৰুত আৰু অধিক সঠিক,تیز اور زیادہ درست,शीघ्रतरम् अधिकयथार्थं च,छिटो र बढी सटीक,,,,,,,,
Female,महिला,নারী,స్త్రీ,स्त्री,பெண்,સ્ત્રી,ಮಹಿಳೆ,സ്ത്രീ,ਔਰਤ,ମହିଳା,মহিলা,خاتون,स्त्री,महिला,,,,,,,,
Fever / infection,बुखार / संक्रमण,জ্বর / সংক্রমণ,జ్వరం / ఇన్‌ఫెక్షన్,ताप / संसर्ग,காய்ச்சல் / தொற்று,તાવ / ચેપ,ಜ್ವರ / ಸೋಂಕು,പനി / അണുബാധ,ਬੁਖ਼ਾਰ / ਇਨਫੈਕਸ਼ਨ,ଜ୍ୱର / ସଂକ୍ରମଣ,জ্বৰ / সংক্ৰমণ,بخار / انفیکشن,ज्वरः / संक्रमणम्,ज्वरो / संक्रमण,,,,,,,,
Free physio screening,मुफ़्त फिज़ियो जाँच,বিনামূল্যে ফিজিও স্ক্রিনিং,ఉచిత ఫిజియో స్క్రీనింగ్,मोफत फिजिओ तपासणी,இலவச பிசியோ பரிசோதனை,મફત ફિઝિયો તપાસ,ಉಚಿತ ಫಿಸಿಯೋ ಸ್ಕ್ರೀನಿಂಗ್,സൗജന്യ ഫിസിയോ സ്ക്രീനിംഗ്,ਮੁਫ਼ਤ ਫਿਜ਼ੀਓ ਜਾਂਚ,ମାଗଣା ଫିଜିଓ ସ୍କ୍ରିନିଂ,বিনামূলীয়া ফিজিঅ' পৰীক্ষণ,مفت فزیو اسکریننگ,निःशुल्कं भौतिकचिकित्सापरीक्षणम्,निःशुल्क फिजियो जाँच,,,,,,,,
From your height & weight. Higher BMI loads the lumbar discs.,आपकी ऊँचाई और वज़न से। अधिक BMI लंबर डिस्क पर भार डालता है।,আপনার উচ্চতা ও ওজন থেকে। বেশি বিএমআই কোমরের ডিস্কে বেশি ভার দেয়।,మీ ఎత్తు & బరువు నుండి. ఎక్కువ BMI నడుము డిస్క్‌లపై భారం పెంచుతుంది.,तुमच्या उंची आणि वजनावरून. जास्त BMI कंबरेच्या डिस्कवर भार टाकते.,உங்கள் உயரம் & எடையிலிருந்து. அதிக BMI இடுப்பு வட்டுகளில் சுமையை அதிகரிக்கிறது.,તમારી ઊંચાઈ અને વજનમાંથી. વધુ BMI કમરની ડિસ્ક પર ભાર વધારે છે.,ನಿಮ್ಮ ಎತ್ತರ ಮತ್ತು ತೂಕದಿಂದ. ಹೆಚ್ಚಿನ BMI ಸೊಂಟದ ಡಿಸ್ಕ್‌ಗಳ ಮೇಲೆ ಭಾರ ಹೇರುತ್ತದೆ.,നിങ്ങളുടെ ഉയരവും ഭാരവും അനുസരിച്ച്. ഉയർന്ന BMI നടുവിലെ ഡിസ്കുകൾക്ക് ഭാരം കൂട്ടുന്നു.,ਤੁਹਾਡੀ ਉਚਾਈ ਅਤੇ ਭਾਰ ਤੋਂ। ਵੱਧ BMI ਲੰਬਰ ਡਿਸਕਾਂ 'ਤੇ ਭਾਰ ਪਾਉਂਦਾ ਹੈ।,ଆପଣଙ୍କ ଉଚ୍ଚତା ଓ ଓଜନରୁ। ଅଧିକ BMI କଟି ଡିସ୍କ ଉପରେ ଭାର ବଢ଼ାଏ।,আপোনাৰ উচ্চতা আৰু ওজনৰ পৰা। অধিক BMIয়ে কঁকালৰ ডিস্কত ভাৰ বঢ়ায়।,آپ کے قد اور وزن سے۔ زیادہ BMI کمر کی ڈسکس پر بوجھ ڈالتا ہے۔,तव औन्नत्यभाराभ्यां। उच्चः BMI कटिचक्रिकाः भारयति।,तपाईंको उचाइ र तौलबाट। उच्च BMI ले कम्मरका डिस्कमा भार बढाउँछ।,,,,,,,,
Function,कार्यक्षमता,কার্যকারিতা,పనితీరు,कार्य,செயல்பாடு,કાર્ય,ಕಾರ್ಯಚಟುವಟಿಕೆ,പ്രവർത്തനക്ഷമത,ਕੰਮ-ਕਾਜ,କାର୍ଯ୍ୟକ୍ଷମତା,কাৰ্যকৰিতা,کام کاج,कार्यक्षमता,कार्यक्षमता,,,,,,,,
Get my Spine Score,मेरा Spine Score पाएँ,আমার স্পাইন স্কোর দেখুন,నా స్పైన్ స్కోర్ పొందండి,माझा Spine Score मिळवा,என் Spine Score ஐப் பெறு,મારો Spine Score મેળવો,ನನ್ನ ಸ್ಪೈನ್ ಸ್ಕೋರ್ ಪಡೆಯಿರಿ,എന്റെ സ്പൈൻ സ്കോർ നേടുക,ਮੇਰਾ ਸਪਾਈਨ ਸਕੋਰ ਲਵੋ,ମୋ Spine Score ପାଆନ୍ତୁ,মোৰ স্পাইন স্ক'ৰ লওক,میرا اسپائن اسکور حاصل کریں,मम मेरु-अंकं प्राप्नुयाम्,मेरो Spine Score लिनुहोस्,,,,,,,,
Go to my dashboard →,मेरे डैशबोर्ड पर जाएँ →,আমার ড্যাশবোর্ডে যান →,నా డ్యాష్‌బోర్డ్‌కు వెళ్లండి →,माझ्या डॅशबोर्डवर जा →,என் டாஷ்போர்டுக்குச் செல் →,મારા ડેશબોર્ડ પર જાઓ →,ನನ್ನ ಡ್ಯಾಶ್‌ಬೋರ್ಡ್‌ಗೆ ಹೋಗಿ →,എന്റെ ഡാഷ്ബോർഡിലേക്ക് പോകുക →,ਮੇਰੇ ਡੈਸ਼ਬੋਰਡ 'ਤੇ ਜਾਓ →,ମୋ ଡ୍ୟାସ୍‍ବୋର୍ଡକୁ ଯାଆନ୍ତୁ →,মোৰ ডেছব'ৰ্ডলৈ যাওক →,میرے ڈیش بورڈ پر جائیں →,मम फलकं प्रति गच्छतु →,मेरो ड्यासबोर्डमा जानुहोस् →,,,,,,,,
Goal,लक्ष्य,লক্ষ্য,లక్ష్యం,ध्येय,இலக்கு,ધ્યેય,ಗುರಿ,ലക്ഷ്യം,ਟੀਚਾ,ଲକ୍ଷ୍ୟ,লক্ষ্য,ہدف,लक्ष्यम्,लक्ष्य,,,,,,,,
Goal met,लक्ष्य पूरा हुआ,লক্ষ্য পূরণ হয়েছে,లక్ష్యం చేరుకుంది,ध्येय गाठले,இலக்கு எட்டப்பட்டது,ધ્યેય પૂર્ણ થયું,ಗುರಿ ಸಾಧಿಸಲಾಗಿದೆ,ലക്ഷ്യം നേടി,ਟੀਚਾ ਪੂਰਾ ਹੋਇਆ,ଲକ୍ଷ୍ୟ ପୂରଣ ହେଲା,লক্ষ্য পূৰ হ’ল,ہدف پورا ہوا,लक्ष्यं प्राप्तम्,लक्ष्य पूरा भयो,,,,,,,,
Good morning,सुप्रभात,শুভ সকাল,శుభోదయం,शुभ सकाळ,காலை வணக்கம்,શુભ સવાર,ಶುಭೋದಯ,സുപ്രഭാതം,ਸ਼ੁਭ ਸਵੇਰ,ଶୁଭ ସକାଳ,শুভ ৰাতিপুৱা,صبح بخیر,सुप्रभातम्,शुभ प्रभात,सुप्रभात,सुप्रभात,शुभ सवेर,गुबुन फुं,صبح بخير,,,
Health device,हेल्थ डिवाइस,স্বাস্থ্য ডিভাইস,ఆరోగ్య పరికరం,आरोग्य उपकरण,சுகாதார சாதனம்,હેલ્થ ડિવાઇસ,ಆರೋಗ್ಯ ಸಾಧನ,ഹെൽത്ത് ഉപകരണം,ਹੈਲਥ ਡਿਵਾਈਸ,ସ୍ୱାସ୍ଥ୍ୟ ଡିଭାଇସ୍,স্বাস্থ্য ডিভাইচ,ہیلتھ ڈیوائس,स्वास्थ्योपकरणम्,स्वास्थ्य उपकरण,,,,,,,,
Height (cm),ऊँचाई (cm),উচ্চতা (সেমি),ఎత్తు (సెం.మీ.),उंची (cm),உயரம் (செ.மீ),ઊંચાઈ (cm),ಎತ್ತರ (ಸೆಂ.ಮೀ.),ഉയരം (cm),ਉਚਾਈ (ਸੈਮੀ),ଉଚ୍ଚତା (ସେମି),উচ্চতা (চেমি),قد (سینٹی میٹر),औन्नत्यम् (से.मी.),उचाइ (सेमी),,,,,,,,
Height · Weight,ऊँचाई · वज़न,উচ্চতা · ওজন,ఎత్తు · బరువు,उंची · वजन,உயரம் · எடை,ઊંચાઈ · વજન,ಎತ್ತರ · ತೂಕ,ഉയരം · ഭാരം,ਉਚਾਈ · ਭਾਰ,ଉଚ୍ଚତା · ଓଜନ,উচ্চতা · ওজন,قد · وزن,औन्नत्यम् · भारः,उचाइ · तौल,,,,,,,,
High degeneration pattern,उच्च अपक्षय (डिजेनरेशन) पैटर्न,উচ্চ ক্ষয়ের ধরন,అధిక క్షీణత నమూనా,उच्च झीज पद्धत,அதிக சிதைவு முறை,ઊંચા ઘસારાની પેટર્ન,ಹೆಚ್ಚಿನ ಸವೆತದ ಮಾದರಿ,ഉയർന്ന ശോഷണ മാതൃക,ਉੱਚ ਘਸਾਅ ਦਾ ਨਮੂਨਾ,ଉଚ୍ଚ ଅବକ୍ଷୟ ଢାଞ୍ଚା,উচ্চ ক্ষয়ৰ আৰ্হি,زیادہ تنزلی کا نمونہ,उच्चक्षयप्रतिरूपम्,उच्च क्षयको ढाँचा,,,,,,,,
History of cancer,कैंसर का इतिहास,ক্যান্সারের ইতিহাস,క్యాన్సర్ చరిత్ర,कर्करोगाचा इतिहास,புற்றுநோய் வரலாறு,કેન્સરનો ઇતિહાસ,ಕ್ಯಾನ್ಸರ್ ಇತಿಹಾಸ,കാൻസർ ചരിത്രം,ਕੈਂਸਰ ਦਾ ਇਤਿਹਾਸ,କର୍କଟ ରୋଗର ଇତିହାସ,কৰ্কট ৰোগৰ ইতিহাস,کینسر کی تاریخ,अर्बुदस्य इतिहासः,क्यान्सरको इतिहास,,,,,,,,
Home,होम,হোম,హోమ్,होम,முகப்பு,હોમ,ಮುಖಪುಟ,ഹോം,ਘਰ,ହୋମ୍,হোম,ہوم,गृहम्,होम,घर,घर,घर,नो,گهر,گٔر,য়ুম,ᱚᱲᱟᱜ
How bad is your,कितना बुरा है आपका,কতটা খারাপ আপনার,మీ నొప్పి ఎంత తీవ్రంగా ఉంది,किती तीव्र आहे तुमची,உங்கள் வலி எவ்வளவு மோசமானது,કેટલો ખરાબ છે તમારો,ನಿಮ್ಮ ನೋವು ಎಷ್ಟು ತೀವ್ರವಾಗಿದೆ,നിങ്ങളുടെ വേദന എത്ര കഠിനമാണ്,ਤੁਹਾਡਾ ਕਿੰਨਾ ਮਾੜਾ ਹੈ,କେତେ ଖରାପ ଆପଣଙ୍କ,কিমান বেয়া আপোনাৰ,کتنا شدید ہے آپ کا,कीदृक् तीव्रा तव,कत्तिको खराब छ तपाईंको,,,,,,,,
How long has it lasted?,यह कितने समय से है?,কতদিন ধরে চলছে?,ఇది ఎంతకాలంగా ఉంది?,ते किती काळ टिकले आहे?,இது எவ்வளவு காலம் நீடித்தது?,કેટલો સમય ચાલ્યો છે?,ಇದು ಎಷ್ಟು ಕಾಲ ಇದೆ?,ഇത് എത്രകാലമായി തുടരുന്നു?,ਇਹ ਕਿੰਨੀ ਦੇਰ ਤੋਂ ਰਿਹਾ ਹੈ?,ଏହା କେତେ ଦିନ ଧରି ଚାଲିଛି?,ই কিমান দিন ধৰি আছে?,یہ کتنے عرصے سے ہے؟,कियत्कालं यावत् अभवत्?,यो कति समयदेखि छ?,,,,,,,,
How much does it limit you?,यह आपको कितना सीमित करता है?,এটি আপনাকে কতটা সীমাবদ্ধ করে?,ఇది మిమ్మల్ని ఎంతగా పరిమితం చేస్తుంది?,ते तुम्हाला किती मर्यादित करते?,இது உங்களை எந்த அளவுக்கு கட்டுப்படுத்துகிறது?,તે તમને કેટલું મર્યાદિત કરે છે?,ಇದು ನಿಮ್ಮನ್ನು ಎಷ್ಟು ಮಿತಿಗೊಳಿಸುತ್ತದೆ?,ഇത് നിങ്ങളെ എത്രമാത്രം പരിമിതപ്പെടുത്തുന്നു?,ਇਹ ਤੁਹਾਨੂੰ ਕਿੰਨਾ ਸੀਮਤ ਕਰਦਾ ਹੈ?,ଏହା ଆପଣଙ୍କୁ କେତେ ସୀମିତ କରେ?,ই আপোনাক কিমান সীমিত কৰে?,یہ آپ کو کتنا محدود کرتا ہے؟,इदं त्वां कियत् सीमयति?,यसले तपाईंलाई कति सीमित गर्छ?,,,,,,,,
LOW,कम,কম,తక్కువ,कमी,குறைவு,ઓછું,ಕಡಿಮೆ,കുറവ്,ਘੱਟ,କମ୍,কম,کم,न्यूनम्,कम,,,,,,,,
Language,भाषा,ভাষা,భాష,भाषा,மொழி,ભાષા,ಭಾಷೆ,ഭാഷ,ਭਾਸ਼ਾ,ଭାଷା,ভাষা,زبان,भाषा,भाषा,भास,भाषा,भाशा,राव,ٻولي,زبان,লোল,ᱯᱟᱹᱲᱦᱟᱣ
Latest score,नवीनतम स्कोर,সর্বশেষ স্কোর,తాజా స్కోర్,ताजा स्कोअर,சமீபத்திய மதிப்பெண்,તાજેતરનો સ્કોર,ಇತ್ತೀಚಿನ ಸ್ಕೋರ್,ഏറ്റവും പുതിയ സ്കോർ,ਤਾਜ਼ਾ ਸਕੋਰ,ସର୍ବଶେଷ ସ୍କୋର,শেহতীয়া স্ক'ৰ,تازہ ترین اسکور,नवीनतमः अंकः,पछिल्लो स्कोर,,,,,,,,
Learn more →,और जानें →,আরও জানুন →,మరింత తెలుసుకోండి →,अधिक जाणून घ्या →,மேலும் அறிக →,વધુ જાણો →,ಇನ್ನಷ್ಟು ತಿಳಿಯಿರಿ →,കൂടുതൽ അറിയുക →,ਹੋਰ ਜਾਣੋ →,ଅଧିକ ଜାଣନ୍ତୁ →,অধিক জানক →,مزید جانیں →,अधिकं ज्ञायताम् →,थप जान्नुहोस् →,,,,,,,,
Leg pain & sciatica,पैर का दर्द और साइटिका,পায়ে ব্যথা ও সায়াটিকা,కాలు నొప్పి & సయాటికా,पायदुखी आणि सायटिका,கால் வலி & சயாட்டிகா,પગનો દુખાવો અને સાયટિકા,ಕಾಲು ನೋವು ಮತ್ತು ಸಯಾಟಿಕಾ,കാൽവേദനയും സയാറ്റിക്കയും,ਲੱਤ ਦਾ ਦਰਦ ਅਤੇ ਸਾਇਟਿਕਾ,ଗୋଡ଼ ବେଦନା ଓ ସାଇଟିକା,ঠেঙৰ বিষ আৰু চিয়াটিকা,ٹانگ کا درد اور سائیٹیکا,पादपीडा गृध्रसी च,खुट्टा दुखाइ र साइटिका,पांयाची दुख आनी सायटिका,गोड़क दर्द आ साइटिका,लत्त दा दर्द ते साइटिका,,,,,
Less than 3 weeks,3 सप्ताह से कम,৩ সপ্তাহের কম,3 వారాల కంటే తక్కువ,3 आठवड्यांपेक्षा कमी,3 வாரங்களுக்கும் குறைவாக,3 અઠવાડિયાંથી ઓછું,3 ವಾರಗಳಿಗಿಂತ ಕಡಿಮೆ,3 ആഴ്ചയിൽ കുറവ്,3 ਹਫ਼ਤਿਆਂ ਤੋਂ ਘੱਟ,୩ ସପ୍ତାହରୁ କମ୍,৩ সপ্তাহতকৈ কম,3 ہفتوں سے کم,३ सप्ताहेभ्यः न्यूनम्,३ हप्ताभन्दा कम,,,,,,,,
Loss of bladder or bowel control,मूत्राशय या आंत पर नियंत्रण का नुकसान,মূত্র বা মলত্যাগের নিয়ন্ত্রণ হারানো,మూత్రాశయ లేదా మల నియంత్రణ కోల్పోవడం,मूत्राशय किंवा आतड्यांवरील नियंत्रण गमावणे,சிறுநீர் அல்லது மலக் கட்டுப்பாட்டை இழத்தல்,મૂત્રાશય કે મળ પરનો કાબૂ ગુમાવવો,ಮೂತ್ರಕೋಶ ಅಥವಾ ಕರುಳಿನ ನಿಯಂತ್ರಣ ಕಳೆದುಕೊಳ್ಳುವಿಕೆ,മൂത്രമോ മലമോ നിയന്ത്രിക്കാനാവാത്ത അവസ്ഥ,ਪਿਸ਼ਾਬ ਜਾਂ ਟੱਟੀ 'ਤੇ ਕਾਬੂ ਦਾ ਖੁੱਸਣਾ,ମୂତ୍ରାଶୟ କିମ୍ବା ଅନ୍ତ୍ର ନିୟନ୍ତ୍ରଣ ହରାଇବା,প্ৰস্ৰাৱ বা মলৰ নিয়ন্ত্ৰণ হেৰোৱা,پیشاب یا پاخانے پر قابو کا ختم ہونا,मूत्राशयस्य मलाशयस्य वा नियन्त्रणनाशः,पिसाब वा दिसा नियन्त्रण गुम्नु,,,,,,,,
Lower-back care guide (PDF),पीठ के निचले हिस्से की देखभाल गाइड (PDF),কোমর যত্নের গাইড (PDF),నడుము సంరక్షణ గైడ్ (PDF),कंबर-काळजी मार्गदर्शक (PDF),கீழ் முதுகு பராமரிப்பு வழிகாட்டி (PDF),કમરની સંભાળ માર્ગદર્શિકા (PDF),ಸೊಂಟದ ಆರೈಕೆ ಮಾರ್ಗದರ್ಶಿ (PDF),നടുവ് പരിചരണ ഗൈഡ് (PDF),ਹੇਠਲੀ ਪਿੱਠ ਦੇਖਭਾਲ ਗਾਈਡ (PDF),ତଳ ପିଠି ଯତ୍ନ ଗାଇଡ୍ (PDF),কঁকাল যত্নৰ গাইড (PDF),کمر کی دیکھ بھال کی رہنمائی (PDF),कटिचर्यानिर्देशिका (PDF),कम्मर हेरचाह गाइड (PDF),,,,,,,,
Lower-back screening & decision support only — not a diagnosis.,केवल पीठ के निचले हिस्से की जाँच और निर्णय सहायता — निदान नहीं।,শুধুমাত্র কোমর স্ক্রিনিং ও সিদ্ধান্ত সহায়তা — কোনো রোগনির্ণয় নয়।,నడుము స్క్రీనింగ్ & నిర్ణయ మద్దతు మాత్రమే — ఇది రోగనిర్ధారణ కాదు.,फक्त कंबर तपासणी आणि निर्णय आधार — हे निदान नाही.,கீழ் முதுகு பரிசோதனை & முடிவு ஆதரவு மட்டுமே — நோயறிதல் அல்ல.,ફક્ત કમરની તપાસ અને નિર્ણય-સહાય — નિદાન નથી.,ಸೊಂಟದ ಸ್ಕ್ರೀನಿಂಗ್ ಮತ್ತು ನಿರ್ಧಾರ ಬೆಂಬಲ ಮಾತ್ರ — ಇದು ರೋಗನಿರ್ಣಯವಲ್ಲ.,നടുവ് സ്ക്രീനിംഗും തീരുമാന പിന്തുണയും മാത്രം — രോഗനിർണയമല്ല.,ਸਿਰਫ਼ ਹੇਠਲੀ ਪਿੱਠ ਦੀ ਜਾਂਚ ਅਤੇ ਫ਼ੈਸਲੇ ਵਿੱਚ ਮਦਦ — ਇਹ ਕੋਈ ਨਿਦਾਨ ਨਹੀਂ।,କେବଳ ତଳ ପିଠି ସ୍କ୍ରିନିଂ ଓ ନିଷ୍ପତ୍ତି ସହାୟତା — ଏକ ରୋଗ ନିର୍ଣ୍ଣୟ ନୁହେଁ।,কেৱল কঁকালৰ পৰীক্ষণ আৰু সিদ্ধান্ত সহায় — ই কোনো ৰোগ নিৰ্ণয় নহয়।,صرف کمر کی اسکریننگ اور فیصلہ سازی میں معاونت — تشخیص نہیں۔,केवलं कटिपरीक्षणं निर्णयसहायता च — न निदानम्।,केवल कम्मरको जाँच र निर्णय सहयोग — निदान होइन।,,,,,,,,
MILD–MODERATE,हल्के–मध्यम,মৃদু–মাঝারি,తేలికపాటి–మధ్యస్థం,सौम्य–मध्यम,லேசான–மிதமான,હળવું–મધ્યમ,ಸೌಮ್ಯ–ಮಧ್ಯಮ,നേരിയത്–മിതം,ਹਲਕਾ–ਦਰਮਿਆਨਾ,ମଧ୍ୟମ–ମଧ୍ୟମ (MILD–MODERATE),মৃদু–মধ্যম,ہلکا–درمیانہ,अल्पम्–मध्यमम्,हल्का–मध्यम,,,,,,,,
MODERATE–SEVERE,मध्यम–गंभीर,মাঝারি–তীব্র,మధ్యస్థం–తీవ్రం,मध्यम–गंभीर,மிதமான–கடுமையான,મધ્યમ–ગંભીર,ಮಧ್ಯಮ–ತೀವ್ರ,മിതം–കഠിനം,ਦਰਮਿਆਨਾ–ਗੰਭੀਰ,ମଧ୍ୟମ–ତୀବ୍ର (MODERATE–SEVERE),মধ্যম–গুৰুতৰ,درمیانہ–شدید,मध्यमम्–तीव्रम्,मध्यम–गम्भीर,,,,,,,,
Male,पुरुष,পুরুষ,పురుషుడు,पुरुष,ஆண்,પુરુષ,ಪುರುಷ,പുരുഷൻ,ਮਰਦ,ପୁରୁଷ,পুৰুষ,مرد,पुरुषः,पुरुष,,,,,,,,
Mechanical load on your spine,आपकी रीढ़ पर यांत्रिक भार,আপনার মেরুদণ্ডের উপর যান্ত্রিক ভার,మీ వెన్నెముకపై యాంత్రిక భారం,तुमच्या मणक्यावरील यांत्रिक भार,உங்கள் முதுகுத்தண்டின் மீதான இயந்திர சுமை,તમારી કરોડરજ્જુ પરનો યાંત્રિક ભાર,ನಿಮ್ಮ ಬೆನ್ನುಮೂಳೆಯ ಮೇಲಿನ ಯಾಂತ್ರಿಕ ಭಾರ,നിങ്ങളുടെ നട്ടെല്ലിലെ യാന്ത്രിക ഭാരം,ਤੁਹਾਡੀ ਰੀੜ੍ਹ 'ਤੇ ਮਕੈਨੀਕਲ ਭਾਰ,ଆପଣଙ୍କ ମେରୁଦଣ୍ଡ ଉପରେ ଯାନ୍ତ୍ରିକ ଭାର,আপোনাৰ মেৰুদণ্ডৰ ওপৰত যান্ত্ৰিক ভাৰ,آپ کی ریڑھ کی ہڈی پر میکانکی بوجھ,तव मेरौ यान्त्रिकभारः,तपाईंको मेरुदण्डमा यान्त्रिक भार,,,,,,,,
Mild,हल्का,মৃদু,తేలికపాటి,सौम्य,லேசான,હળવું,ಸೌಮ್ಯ,നേരിയത്,ਹਲਕਾ,ସାମାନ୍ୟ,মৃদু,ہلکا,अल्पम्,हल्का,सौम्य,हल्लुक,हल्का,गोब्राब,هلڪو,ہلکہٕ,খরা,ᱠᱚᱢ
Mild (0–3),हल्का (0–3),মৃদু (০–৩),తేలికపాటి (0–3),सौम्य (0–3),லேசான (0–3),હળવું (0–3),ಸೌಮ್ಯ (0–3),നേരിയത് (0–3),ਹਲਕਾ (0–3),ସାମାନ୍ୟ (୦–୩),মৃদু (0–3),ہلکا (0–3),अल्पम् (०–३),हल्का (०–३),,,,,,,,
"Mild symptoms, not limiting","हल्के लक्षण, सीमित नहीं करते","মৃদু উপসর্গ, সীমাবদ্ধকারী নয়","తేలికపాటి లక్షణాలు, పరిమితం చేయవు","सौम्य लक्षणे, मर्यादित करणारी नाहीत","லேசான அறிகுறிகள், கட்டுப்படுத்தாது","હળવાં લક્ષણો, મર્યાદિત કરતાં નથી","ಸೌಮ್ಯ ಲಕ್ಷಣಗಳು, ಮಿತಿಗೊಳಿಸುವುದಿಲ್ಲ","നേരിയ ലക്ഷണങ്ങൾ, പരിമിതപ്പെടുത്തുന്നില്ല","ਹਲਕੇ ਲੱਛਣ, ਸੀਮਤ ਨਹੀਂ ਕਰਦੇ","ସାମାନ୍ୟ ଲକ୍ଷଣ, ସୀମିତ କରୁନାହିଁ","মৃদু লক্ষণ, সীমিত নকৰে",ہلکی علامات، محدود کرنے والی نہیں,"अल्पलक्षणानि, न सीमाकराणि","हल्का लक्षण, सीमित नगर्ने",,,,,,,,
Mild-to-moderate pain with some functional limitation.,कुछ कार्यात्मक सीमा के साथ हल्का-से-मध्यम दर्द।,কিছু কার্যকরী সীমাবদ্ধতাসহ মৃদু থেকে মাঝারি ব্যথা।,కొంత పనితీరు పరిమితితో తేలికపాటి నుండి మధ్యస్థ నొప్పి.,"सौम्य ते मध्यम वेदना, काही कार्यात्मक मर्यादा.","லேசான முதல் மிதமான வலி, சில செயல்பாட்டு வரம்புடன்.","હળવાથી મધ્યમ દુખાવો, થોડી કાર્યાત્મક મર્યાદા સાથે.",ಕೆಲವು ಕಾರ್ಯಾತ್ಮಕ ಮಿತಿಯೊಂದಿಗೆ ಸೌಮ್ಯದಿಂದ ಮಧ್ಯಮ ನೋವು.,ചില പ്രവർത്തന പരിമിതിയോടെ നേരിയത് മുതൽ മിതം വരെയുള്ള വേദന.,ਕੁਝ ਕੰਮ-ਕਾਜੀ ਸੀਮਾ ਨਾਲ ਹਲਕਾ-ਤੋਂ-ਦਰਮਿਆਨਾ ਦਰਦ।,କିଛି କାର୍ଯ୍ୟକ୍ଷମ ସୀମା ସହିତ ସାମାନ୍ୟରୁ ମଧ୍ୟମ ବେଦନା।,কিছু কাৰ্যকৰী সীমাবদ্ধতাৰ সৈতে মৃদুৰ পৰা মধ্যম বিষ।,ہلکا تا درمیانہ درد کے ساتھ کچھ فعلی حدود۔,कतिपयक्रियासीमासहितं अल्प-मध्यमपीडा।,केही कार्यगत सीमासहितको हल्कादेखि मध्यम पीडा।,,,,,,,,
Minimal pain and low impact on your day.,न्यूनतम दर्द और आपके दिन पर कम प्रभाव।,ন্যূনতম ব্যথা ও আপনার দিনে কম প্রভাব।,"తక్కువ నొప్పి, మీ రోజుపై తక్కువ ప్రభావం.",कमीत कमी वेदना आणि तुमच्या दिवसावर थोडा परिणाम.,குறைந்தபட்ச வலி மற்றும் உங்கள் நாளில் குறைந்த தாக்கம்.,ન્યૂનતમ દુખાવો અને તમારા દિવસ પર ઓછી અસર.,ಕನಿಷ್ಠ ನೋವು ಮತ್ತು ನಿಮ್ಮ ದಿನದ ಮೇಲೆ ಕಡಿಮೆ ಪರಿಣಾಮ.,"കുറഞ്ഞ വേദന, ദിവസത്തെ കാര്യമായി ബാധിക്കുന്നില്ല.",ਘੱਟੋ-ਘੱਟ ਦਰਦ ਅਤੇ ਤੁਹਾਡੇ ਦਿਨ 'ਤੇ ਘੱਟ ਅਸਰ।,ସର୍ବନିମ୍ନ ବେଦନା ଓ ଆପଣଙ୍କ ଦିନ ଉପରେ କମ୍ ପ୍ରଭାବ।,নূন্যতম বিষ আৰু আপোনাৰ দিনত কম প্ৰভাৱ।,کم سے کم درد اور آپ کے دن پر کم اثر۔,अल्पा पीडा तव दिने न्यूनप्रभावश्च।,न्यून पीडा र तपाईंको दिनमा कम प्रभाव।,,,,,,,,
Moderate,मध्यम,মাঝারি,మధ్యస్థం,मध्यम,மிதமான,મધ્યમ,ಮಧ್ಯಮ,മിതം,ਦਰਮਿਆਨਾ,ମଧ୍ୟମ,মধ্যম,درمیانہ,मध्यमम्,मध्यम,मध्यम,मध्यम,दरमियाना,गेजेर,وچٿرو,دٔرمیٲنہٕ,মরিল্লবা,ᱛᱟᱞᱟ
Moderate (4–6),मध्यम (4–6),মাঝারি (৪–৬),మధ్యస్థం (4–6),मध्यम (4–6),மிதமான (4–6),મધ્યમ (4–6),ಮಧ್ಯಮ (4–6),മിതം (4–6),ਦਰਮਿਆਨਾ (4–6),ମଧ୍ୟମ (୪–୬),মধ্যম (4–6),درمیانہ (4–6),मध्यमम् (४–६),मध्यम (४–६),,,,,,,,
Moderate-to-severe pain and disability; marked limitation.,मध्यम-से-गंभीर दर्द और विकलांगता; उल्लेखनीय सीमा।,মাঝারি থেকে তীব্র ব্যথা ও অক্ষমতা; উল্লেখযোগ্য সীমাবদ্ধতা।,"మధ్యస్థం నుండి తీవ్రమైన నొప్పి, వైకల్యం; గణనీయమైన పరిమితి.",मध्यम ते गंभीर वेदना आणि अपंगत्व; लक्षणीय मर्यादा.,மிதமான முதல் கடுமையான வலி மற்றும் இயலாமை; குறிப்பிடத்தக்க வரம்பு.,મધ્યમથી ગંભીર દુખાવો અને અપંગતા; નોંધપાત્ર મર્યાદા.,ಮಧ್ಯಮದಿಂದ ತೀವ್ರ ನೋವು ಮತ್ತು ಅಂಗವೈಕಲ್ಯ; ಗಮನಾರ್ಹ ಮಿತಿ.,മിതം മുതൽ കഠിനം വരെയുള്ള വേദനയും വൈകല്യവും; വ്യക്തമായ പരിമിതി.,ਦਰਮਿਆਨਾ-ਤੋਂ-ਗੰਭੀਰ ਦਰਦ ਅਤੇ ਅਪੰਗਤਾ; ਕਾਫ਼ੀ ਸੀਮਾ।,ମଧ୍ୟମରୁ ତୀବ୍ର ବେଦନା ଓ ଅକ୍ଷମତା; ଉଲ୍ଲେଖନୀୟ ସୀମା।,মধ্যমৰ পৰা গুৰুতৰ বিষ আৰু অক্ষমতা; স্পষ্ট সীমাবদ্ধতা।,درمیانہ تا شدید درد اور معذوری؛ نمایاں حدود۔,मध्यम-तीव्रपीडा विकलाङ्गता च; स्पष्टा सीमा।,मध्यमदेखि गम्भीर पीडा र अशक्तता; उल्लेखनीय सीमा।,,,,,,,,
More than 6 weeks,6 सप्ताह से अधिक,৬ সপ্তাহের বেশি,6 వారాల కంటే ఎక్కువ,6 आठवड्यांपेक्षा जास्त,6 வாரங்களுக்கு மேல்,6 અઠવાડિયાંથી વધુ,6 ವಾರಗಳಿಗಿಂತ ಹೆಚ್ಚು,6 ആഴ്ചയിൽ കൂടുതൽ,6 ਹਫ਼ਤਿਆਂ ਤੋਂ ਵੱਧ,୬ ସପ୍ତାହରୁ ଅଧିକ,৬ সপ্তাহতকৈ বেছি,6 ہفتوں سے زیادہ,६ सप्ताहेभ्यः अधिकम्,६ हप्ताभन्दा बढी,,,,,,,,
Name,नाम,নাম,పేరు,नाव,பெயர்,નામ,ಹೆಸರು,പേര്,ਨਾਮ,ନାମ,নাম,نام,नाम,नाम,,,,,,,,
Next step,अगला कदम,পরবর্তী ধাপ,తదుపరి దశ,पुढचे पाऊल,அடுத்த படி,આગળનું પગલું,ಮುಂದಿನ ಹಂತ,അടുത്ത ഘട്ടം,ਅਗਲਾ ਕਦਮ,ପରବର୍ତ୍ତୀ ସୋପାନ,পৰৱৰ্তী পদক্ষেপ,اگلا قدم,अग्रिमसोपानम्,अर्को चरण,,,,,,,,
No entry for Today yet.,आज के लिए अभी तक कोई प्रविष्टि नहीं।,আজকের জন্য এখনও কোনো এন্ট্রি নেই।,ఈరోజుకు ఇంకా నమోదు లేదు.,आजसाठी अद्याप कोणतीही नोंद नाही.,இன்றைக்கான பதிவு இன்னும் இல்லை.,આજ માટે હજુ કોઈ નોંધ નથી.,ಇಂದಿಗೆ ಇನ್ನೂ ಯಾವುದೇ ನಮೂದಿಲ್ಲ.,ഇന്നത്തേക്ക് ഇതുവരെ വിവരമൊന്നുമില്ല.,ਅੱਜ ਲਈ ਅਜੇ ਕੋਈ ਐਂਟਰੀ ਨਹੀਂ।,ଆଜି ପାଇଁ ଏ ପର୍ଯ୍ୟନ୍ତ କୌଣସି ଏଣ୍ଟ୍ରି ନାହିଁ।,আজিৰ বাবে এতিয়াও কোনো এণ্ট্ৰি নাই।,آج کے لیے ابھی کوئی اندراج نہیں۔,अद्यतनार्थं अद्यापि न काचित् प्रविष्टिः।,आजको लागि अहिलेसम्म कुनै प्रविष्टि छैन।,,,,,,,,
"No leg pain, or only occasional","पैर में कोई दर्द नहीं, या केवल कभी-कभी","পায়ে কোনো ব্যথা নেই, বা শুধু মাঝে মাঝে","కాలు నొప్పి లేదు, లేదా అప్పుడప్పుడు మాత్రమే","पायदुखी नाही, किंवा फक्त कधीकधी","கால் வலி இல்லை, அல்லது எப்போதாவது மட்டுமே","પગનો દુખાવો નથી, અથવા ફક્ત ક્યારેક","ಕಾಲು ನೋವಿಲ್ಲ, ಅಥವಾ ಅಪರೂಪಕ್ಕೆ ಮಾತ್ರ","കാൽവേദനയില്ല, അല്ലെങ്കിൽ ഇടയ്ക്കിടെ മാത്രം","ਲੱਤ ਵਿੱਚ ਕੋਈ ਦਰਦ ਨਹੀਂ, ਜਾਂ ਸਿਰਫ਼ ਕਦੇ-ਕਦੇ","କୌଣସି ଗୋଡ଼ ବେଦନା ନାହିଁ, କିମ୍ବା କେବଳ ବେଳେବେଳେ","ঠেঙত বিষ নাই, বা কেৱল মাজে মাজে",ٹانگ میں درد نہیں، یا صرف کبھی کبھار,"न पादपीडा, अथवा केवलं कदाचित्","खुट्टा दुखाइ छैन, वा कहिलेकाहीँ मात्र",,,,,,,,
None,कोई नहीं,কোনোটি নয়,ఏదీ లేదు,काहीही नाही,எதுவுமில்லை,કોઈ નહીં,ಯಾವುದೂ ಇಲ್ಲ,ഒന്നുമില്ല,ਕੋਈ ਨਹੀਂ,କିଛି ନାହିଁ,একো নাই,کوئی نہیں,न किमपि,कुनै पनि होइन,कांय ना,किछु नहि,कोई नेईं,मोनसेबो नंआ,ڪوبه نه,کہین نہٕ,অমত্তা নত্তে,ᱛᱤᱱᱟᱹᱜ ᱵᱟᱝ
Normal,सामान्य,স্বাভাবিক,సాధారణం,सामान्य,இயல்பானது,સામાન્ય,ಸಾಮಾನ್ಯ,സാധാരണം,ਆਮ,ସ୍ୱାଭାବିକ,স্বাভাৱিক,نارمل,सामान्यम्,सामान्य,सादारण,सामान्य,सधारन,सरासनस्रा,عام,عام,মাইপাক্পা,ᱥᱟᱫᱷᱟᱨᱚᱱ
Numbness around the saddle area,सैडल क्षेत्र के आसपास सुन्नपन,স্যাডল অঞ্চলের চারপাশে অসাড়তা,శాడిల్ ప్రాంతం చుట్టూ తిమ్మిరి,बैठकीच्या भागाभोवती बधिरता,சேணப் பகுதியைச் சுற்றி மரத்துப்போதல்,બેઠકના ભાગ આસપાસ બહેરાશ,ಕುಳಿತುಕೊಳ್ಳುವ ಭಾಗದ ಸುತ್ತ ಮರಗಟ್ಟುವಿಕೆ,കുണ്ടിയ്ക്കു ചുറ്റുമുള്ള മരവിപ്പ്,ਕਾਠੀ ਵਾਲੇ ਖੇਤਰ ਦੁਆਲੇ ਸੁੰਨਪਣ,ଅଣ୍ଟା ଅଞ୍ଚଳ ଚାରିପଟେ ଅବଶତା,ছেডল অঞ্চলৰ চাৰিওফালে অসাৰতা,کولہے کے درمیانی حصے کے گرد سُن پن,आसनप्रदेशे सुप्तता,गद्दीको क्षेत्र वरिपरि सुन्निएको,,,,,,,,
Occupation,व्यवसाय,পেশা,వృత్తి,व्यवसाय,தொழில்,વ્યવસાય,ಉದ್ಯೋಗ,തൊഴിൽ,ਪੇਸ਼ਾ,ବୃତ୍ତି,বৃত্তি,پیشہ,व्यवसायः,पेशा,,,,,,,,
Optional,वैकल्पिक,ঐচ্ছিক,ఐచ్ఛికం,ऐच्छिक,விருப்பத்தேர்வு,વૈકલ્પિક,ಐಚ್ಛಿಕ,ഐച്ഛികം,ਚੋਣਵਾਂ,ବୈକଳ୍ପିକ,ঐচ্ছিক,اختیاری,ऐच्छिकम्,ऐच्छिक,,,,,,,,
Overweight,अधिक वज़न,অতিরিক্ত ওজন,అధిక బరువు,अधिक वजन,அதிக எடை,વધુ વજન,ಅಧಿಕ ತೂಕ,അമിതഭാരം,ਵੱਧ ਭਾਰ,ଅଧିକ ଓଜନ,অতিৰিক্ত ওজন,زائد الوزن,अधिकभारः,अधिक तौल,,,,,,,,
Pain,दर्द,ব্যথা,నొప్పి,वेदना,வலி,દુખાવો,ನೋವು,വേദന,ਦਰਦ,ବେଦନା,বিষ,درد,पीडा,पीडा,,,,,,,,
Pain duration,दर्द की अवधि,ব্যথার সময়কাল,నొప్పి వ్యవధి,वेदनेचा कालावधी,வலியின் காலஅளவு,દુખાવાનો સમયગાળો,ನೋವಿನ ಅವಧಿ,വേദനയുടെ ദൈർഘ്യം,ਦਰਦ ਦੀ ਮਿਆਦ,ବେଦନା ଅବଧି,বিষৰ স্থিতিকাল,درد کا دورانیہ,पीडाकालावधिः,पीडाको अवधि,दुखीचो काळ,दर्दक अवधि,दर्द दी अवधि,,,,,
Pain or numbness down the leg?,पैर में दर्द या सुन्नपन?,পায়ের নিচ পর্যন্ত ব্যথা বা অসাড়তা?,కాలు కిందికి నొప్పి లేదా తిమ్మిరి?,पायात वेदना किंवा बधिरता?,கால் வழியே வலி அல்லது மரத்துப்போதல்?,પગમાં દુખાવો કે બહેરાશ?,ಕಾಲಿನ ಕೆಳಗೆ ನೋವು ಅಥವಾ ಮರಗಟ್ಟುವಿಕೆ?,കാലിലേക്ക് വേദനയോ മരവിപ്പോ?,ਲੱਤ ਵੱਲ ਦਰਦ ਜਾਂ ਸੁੰਨਪਣ?,ଗୋଡ଼ ତଳକୁ ବେଦନା କିମ୍ବା ଅବଶତା?,ঠেঙলৈ বিষ বা অসাৰতা?,ٹانگ میں درد یا سُن پن؟,पादे पीडा सुप्तता वा?,खुट्टातिर पीडा वा सुन्निएको?,,,,,,,,
"Pain/numbness in the leg, limits some activity","पैर में दर्द/सुन्नपन, कुछ गतिविधि को सीमित करता है","পায়ে ব্যথা/অসাড়তা, কিছু কার্যকলাপ সীমিত করে","కాలులో నొప్పి/తిమ్మిరి, కొన్ని కార్యకలాపాలను పరిమితం చేస్తుంది","पायात वेदना/बधिरता, काही क्रिया मर्यादित","காலில் வலி/மரத்துப்போதல், சில செயல்பாடுகளைக் கட்டுப்படுத்துகிறது","પગમાં દુખાવો/બહેરાશ, કેટલીક પ્રવૃત્તિ મર્યાદિત કરે છે","ಕಾಲಿನಲ್ಲಿ ನೋವು/ಮರಗಟ್ಟುವಿಕೆ, ಕೆಲವು ಚಟುವಟಿಕೆಯನ್ನು ಮಿತಿಗೊಳಿಸುತ್ತದೆ","കാലിൽ വേദന/മരവിപ്പ്, ചില പ്രവർത്തനങ്ങളെ പരിമിതപ്പെടുത്തുന്നു","ਲੱਤ ਵਿੱਚ ਦਰਦ/ਸੁੰਨਪਣ, ਕੁਝ ਕੰਮ ਨੂੰ ਸੀਮਤ ਕਰਦਾ ਹੈ","ଗୋଡ଼ରେ ବେଦନା/ଅବଶତା, କିଛି କାର୍ଯ୍ୟକୁ ସୀମିତ କରେ","ঠেঙত বিষ/অসাৰতা, কিছু কাম সীমিত কৰে",ٹانگ میں درد/سُن پن، کچھ سرگرمی کو محدود کرتا ہے,"पादे पीडा/सुप्तता, कतिपयक्रियां सीमयति","खुट्टामा पीडा/सुन्निएको, केही गतिविधि सीमित गर्छ",,,,,,,,
Partner discount code,पार्टनर छूट कोड,পার্টনার ছাড় কোড,భాగస్వామి తగ్గింపు కోడ్,भागीदार सवलत कोड,கூட்டாளர் தள்ளுபடிக் குறியீடு,પાર્ટનર ડિસ્કાઉન્ટ કોડ,ಪಾಲುದಾರ ರಿಯಾಯಿತಿ ಕೋಡ್,പങ്കാളി ഡിസ്കൗണ്ട് കോഡ്,ਪਾਰਟਨਰ ਛੋਟ ਕੋਡ,ସହଭାଗୀ ରିହାତି କୋଡ୍,অংশীদাৰ ৰেহাই ক'ড,پارٹنر ڈسکاؤنٹ کوڈ,सहभागिछूटसङ्केतः,साझेदार छुट कोड,,,,,,,,
Personalised video call,व्यक्तिगत वीडियो कॉल,ব্যক্তিগত ভিডিও কল,వ్యక్తిగతీకరించిన వీడియో కాల్,वैयक्तिक व्हिडिओ कॉल,தனிப்பயனாக்கப்பட்ட வீடியோ அழைப்பு,વ્યક્તિગત વિડિયો કોલ,ವೈಯಕ್ತಿಕ ವೀಡಿಯೊ ಕರೆ,വ്യക്തിഗത വീഡിയോ കോൾ,ਨਿੱਜੀ ਵੀਡੀਓ ਕਾਲ,ବ୍ୟକ୍ତିଗତ ଭିଡିଓ କଲ୍,ব্যক্তিগতকৃত ভিডিঅ' কল,ذاتی ویڈیو کال,व्यक्तिगतसचित्रसंलापः,व्यक्तिगत भिडियो कल,,,,,,,,
"Physiotherapy, lifestyle correction and evaluation.","फिज़ियोथेरेपी, जीवनशैली सुधार और मूल्यांकन।","ফিজিওথেরাপি, জীবনযাত্রা সংশোধন ও মূল্যায়ন।","ఫిజియోథెరపీ, జీవనశైలి సవరణ, మూల్యాంకనం.","फिजिओथेरपी, जीवनशैली सुधारणा आणि मूल्यांकन.","பிசியோதெரபி, வாழ்க்கைமுறை திருத்தம் மற்றும் மதிப்பீடு.","ફિઝિયોથેરપી, જીવનશૈલી સુધારણા અને મૂલ્યાંકન.","ಫಿಸಿಯೋಥೆರಪಿ, ಜೀವನಶೈಲಿ ತಿದ್ದುಪಡಿ ಮತ್ತು ಮೌಲ್ಯಮಾಪನ.","ഫിസിയോതെറാപ്പി, ജീവിതശൈലി തിരുത്തൽ, വിലയിരുത്തൽ.","ਫਿਜ਼ੀਓਥੈਰੇਪੀ, ਜੀਵਨ-ਸ਼ੈਲੀ ਸੁਧਾਰ ਅਤੇ ਮੁਲਾਂਕਣ।","ଫିଜିଓଥେରାପି, ଜୀବନଶୈଳୀ ସଂଶୋଧନ ଓ ମୂଲ୍ୟାଙ୍କନ।","ফিজিঅ'থেৰাপি, জীৱনশৈলী সংশোধন আৰু মূল্যায়ন।",فزیوتھراپی، طرزِ زندگی کی اصلاح اور تشخیص۔,"भौतिकचिकित्सा, जीवनशैलीसंशोधनम्, मूल्यांकनं च।","फिजियोथेरापी, जीवनशैली सुधार र मूल्यांकन।",,,,,,,,
Pick the face that matches your pain right now.,वह चेहरा चुनें जो अभी आपके दर्द से मेल खाता हो।,এখন আপনার ব্যথার সাথে মেলে এমন মুখটি বেছে নিন।,ప్రస్తుతం మీ నొప్పికి సరిపోయే ముఖాన్ని ఎంచుకోండి.,सध्याच्या तुमच्या वेदनेशी जुळणारा चेहरा निवडा.,இப்போது உங்கள் வலிக்குப் பொருந்தும் முகத்தைத் தேர்வுசெய்க.,અત્યારે તમારા દુખાવા સાથે મેળ ખાતો ચહેરો પસંદ કરો.,ಇದೀಗ ನಿಮ್ಮ ನೋವಿಗೆ ಹೊಂದುವ ಮುಖವನ್ನು ಆಯ್ಕೆಮಾಡಿ.,ഇപ്പോൾ നിങ്ങളുടെ വേദനയോട് ചേരുന്ന മുഖം തിരഞ്ഞെടുക്കുക.,ਉਹ ਚਿਹਰਾ ਚੁਣੋ ਜੋ ਇਸ ਵੇਲੇ ਤੁਹਾਡੇ ਦਰਦ ਨਾਲ ਮੇਲ ਖਾਂਦਾ ਹੈ।,ଆଜି ଆପଣଙ୍କ ବେଦନା ସହ ମେଳ ଖାଉଥିବା ମୁହଁ ବାଛନ୍ତୁ।,এতিয়া আপোনাৰ বিষৰ সৈতে মিলা মুখখন বাছনি কৰক।,وہ چہرہ منتخب کریں جو ابھی آپ کے درد سے مطابقت رکھتا ہو۔,सम्प्रति तव पीडानुरूपं मुखं वृणुताम्।,अहिले तपाईंको पीडासँग मिल्ने अनुहार छान्नुहोस्।,,,,,,,,
Posture cushion — 20% off,पोस्चर कुशन — 20% छूट,পশ্চার কুশন — ২০% ছাড়,భంగిమ కుషన్ — 20% తగ్గింపు,पवित्रा उशी — 20% सूट,தோரணை மெத்தை — 20% தள்ளுபடி,પોશ્ચર કુશન — 20% છૂટ,ಭಂಗಿ ಕುಶನ್ — 20% ರಿಯಾಯಿತಿ,പോസ്ചർ കുഷ്യൻ — 20% കിഴിവ്,ਪੋਸਚਰ ਕੁਸ਼ਨ — 20% ਛੋਟ,ଭଙ୍ଗୀ କୁସନ — ୨୦% ଛାଡ଼,ভংগী কুশ্যন — ২০% ৰেহাই,پوسچر کشن — 20% رعایت,आसनोपधानम् — २०% न्यूनम्,आसन कुसन — २०% छुट,,,,,,,,
Profile,प्रोफ़ाइल,প্রোফাইল,ప్రొఫైల్,प्रोफाइल,சுயவிவரம்,પ્રોફાઇલ,ಪ್ರೊಫೈಲ್,പ്രൊഫൈൽ,ਪ੍ਰੋਫਾਈਲ,ପ୍ରୋଫାଇଲ୍,প্ৰ'ফাইল,پروفائل,परिचयिका,प्रोफाइल,प्रोफायल,प्रोफाइल,प्रोफाइल,प्रोफाइल,پروفائل,پروفائل,প্রোফাইল,ᱯᱨᱚᱯᱷᱟᱭᱤᱞ
Profile · sleep · steps · activity,प्रोफ़ाइल · नींद · कदम · गतिविधि,প্রোফাইল · ঘুম · পদক্ষেপ · কার্যকলাপ,ప్రొఫైల్ · నిద్ర · అడుగులు · కార్యకలాపం,प्रोफाइल · झोप · पावले · क्रिया,சுயவிவரம் · தூக்கம் · அடிகள் · செயல்பாடு,પ્રોફાઇલ · ઊંઘ · પગલાં · પ્રવૃત્તિ,ಪ್ರೊಫೈಲ್ · ನಿದ್ರೆ · ಹೆಜ್ಜೆಗಳು · ಚಟುವಟಿಕೆ,പ്രൊഫൈൽ · ഉറക്കം · ചുവടുകൾ · പ്രവർത്തനം,ਪ੍ਰੋਫਾਈਲ · ਨੀਂਦ · ਕਦਮ · ਗਤੀਵਿਧੀ,ପ୍ରୋଫାଇଲ୍ · ଶୋଇବା · ପାଦଗଣନା · କାର୍ଯ୍ୟକଳାପ,প্ৰ'ফাইল · টোপনি · খোজ · কাৰ্যকলাপ,پروفائل · نیند · قدم · سرگرمی,परिचयिका · निद्रा · पदक्षेपाः · क्रिया,प्रोफाइल · निद्रा · पाइला · गतिविधि,,,,,,,,
Progressive leg weakness,बढ़ती हुई पैर की कमज़ोरी,পায়ে ক্রমবর্ধমান দুর্বলতা,క్రమంగా పెరుగుతున్న కాలు బలహీనత,प्रगतीशील पायातील अशक्तपणा,முன்னேறும் கால் பலவீனம்,પ્રગતિશીલ પગની નબળાઈ,ಪ್ರಗತಿಶೀಲ ಕಾಲಿನ ದೌರ್ಬಲ್ಯ,പുരോഗമിക്കുന്ന കാൽ ദുർബലത,ਵਧਦੀ ਲੱਤ ਦੀ ਕਮਜ਼ੋਰੀ,ପ୍ରଗତିଶୀଳ ଗୋଡ଼ ଦୁର୍ବଳତା,ক্ৰমবৰ্ধমান ঠেঙৰ দুৰ্বলতা,بڑھتی ہوئی ٹانگ کی کمزوری,प्रगच्छन्ती पाददुर्बलता,बढ्दो खुट्टा कमजोरी,,,,,,,,
Rate each activity — your disability index updates live.,प्रत्येक गतिविधि को रेट करें — आपका विकलांगता सूचकांक लाइव अपडेट होता है।,প্রতিটি কার্যকলাপ রেট করুন — আপনার অক্ষমতা সূচক সরাসরি আপডেট হয়।,ప్రతి కార్యకలాపాన్ని రేట్ చేయండి — మీ వైకల్య సూచిక ప్రత్యక్షంగా నవీకరించబడుతుంది.,प्रत्येक क्रियेला गुण द्या — तुमचा अपंगत्व निर्देशांक लगेच अद्यतनित होतो.,ஒவ்வொரு செயல்பாட்டையும் மதிப்பிடுங்கள் — உங்கள் இயலாமை குறியீடு நேரலையில் புதுப்பிக்கப்படும்.,દરેક પ્રવૃત્તિને રેટ કરો — તમારો અપંગતા આંક જીવંત રીતે અપડેટ થાય છે.,ಪ್ರತಿ ಚಟುವಟಿಕೆಯನ್ನು ರೇಟ್ ಮಾಡಿ — ನಿಮ್ಮ ಅಂಗವೈಕಲ್ಯ ಸೂಚ್ಯಂಕ ತಕ್ಷಣ ನವೀಕರಿಸುತ್ತದೆ.,ഓരോ പ്രവർത്തനവും റേറ്റ് ചെയ്യുക — നിങ്ങളുടെ വൈകല്യ സൂചിക തത്സമയം പുതുക്കുന്നു.,ਹਰ ਗਤੀਵਿਧੀ ਨੂੰ ਦਰਜਾ ਦਿਓ — ਤੁਹਾਡਾ ਅਪੰਗਤਾ ਸੂਚਕ ਅੰਕ ਸਿੱਧਾ ਅੱਪਡੇਟ ਹੁੰਦਾ ਹੈ।,ପ୍ରତ୍ୟେକ କାର୍ଯ୍ୟକୁ ମୂଲ୍ୟାୟନ କରନ୍ତୁ — ଆପଣଙ୍କ ଅକ୍ଷମତା ସୂଚକାଙ୍କ ଲାଇଭ୍ ଅପଡେଟ୍ ହୁଏ।,প্ৰতিটো কাৰ্যকলাপ মূল্যায়ন কৰক — আপোনাৰ অক্ষমতা সূচী লাইভ আপডেট হয়।,ہر سرگرمی کی درجہ بندی کریں — آپ کا معذوری انڈیکس فوری اپ ڈیٹ ہوتا ہے۔,प्रत्येकं क्रियां निर्धारयतु — तव विकलाङ्गतासूचकः सद्यः नवीक्रियते।,प्रत्येक गतिविधिलाई मूल्यांकन गर्नुहोस् — तपाईंको अशक्तता सूचकांक तुरुन्तै अद्यावधिक हुन्छ।,,,,,,,,
Recent major trauma,हाल ही में गंभीर चोट,সাম্প্রতিক বড় আঘাত,ఇటీవలి తీవ్రమైన గాయం,अलीकडील मोठा अपघात,சமீபத்திய பெரிய காயம்,તાજેતરની ગંભીર ઈજા,ಇತ್ತೀಚಿನ ಗಂಭೀರ ಆಘಾತ,അടുത്തിടെയുണ്ടായ ഗുരുതര പരിക്ക്,ਹਾਲ ਹੀ ਵਿੱਚ ਵੱਡੀ ਸੱਟ,ସମ୍ପ୍ରତି ଗୁରୁତର ଆଘାତ,শেহতীয়া গুৰুতৰ আঘাত,حالیہ بڑا حادثہ,अधुनातनं महदाघातम्,भर्खरैको ठूलो चोट,,,,,,,,
Recommended next step,अनुशंसित अगला कदम,প্রস্তাবিত পরবর্তী ধাপ,సిఫార్సు చేయబడిన తదుపరి దశ,शिफारस केलेले पुढचे पाऊल,பரிந்துரைக்கப்பட்ட அடுத்த படி,ભલામણ કરેલ આગળનું પગલું,ಶಿಫಾರಸು ಮಾಡಲಾದ ಮುಂದಿನ ಹಂತ,ശുപാർശ ചെയ്ത അടുത്ത ഘട്ടം,ਸਿਫ਼ਾਰਸ਼ ਕੀਤਾ ਅਗਲਾ ਕਦਮ,ସୁପାରିଶ କରାଯାଇଥିବା ପରବର୍ତ୍ତୀ ସୋପାନ,পৰামৰ্শিত পৰৱৰ্তী পদক্ষেপ,تجویز کردہ اگلا قدم,अनुशंसितम् अग्रिमसोपानम्,सिफारिस गरिएको अर्को चरण,,,,,,,,
Red flags,रेड फ्लैग,লাল সংকেত,ప్రమాద సంకేతాలు,धोक्याचे इशारे,எச்சரிக்கை அறிகுறிகள்,ચેતવણી-ચિહ્નો,ಕೆಂಪು ಗುರುತುಗಳು,അപായസൂചനകൾ,ਚੇਤਾਵਨੀ ਨਿਸ਼ਾਨੀਆਂ,ସତର୍କ ସଙ୍କେତ,ৰেড ফ্লেগ,خطرے کی علامات,रक्तध्वजचिह्नानि,रेड फ्ल्याग,,,,,,,,
Replay clip,क्लिप फिर से चलाएँ,ক্লিপ পুনরায় চালান,క్లిప్‌ను మళ్లీ ప్లే చేయండి,क्लिप पुन्हा पहा,கிளிப்பை மீண்டும் இயக்கு,ક્લિપ ફરી ચલાવો,ಕ್ಲಿಪ್ ಮರುಪ್ಲೇ ಮಾಡಿ,ക്ലിപ്പ് വീണ്ടും കാണുക,ਕਲਿੱਪ ਮੁੜ ਚਲਾਓ,କ୍ଲିପ୍ ପୁନଃ ଚଲାନ୍ତୁ,ক্লিপ পুনৰ চাওক,کلپ دوبارہ چلائیں,दृश्यं पुनः चालयतु,क्लिप दोहोऱ्याउनुहोस्,,,,,,,,
Research,रिसर्च,গবেষণা,పరిశోధన,संशोधन,ஆராய்ச்சி,સંશોધન,ಸಂಶೋಧನೆ,ഗവേഷണം,ਖੋਜ,ଅନୁସନ୍ଧାନ,গৱেষণা,تحقیق,अनुसन्धानम्,अनुसन्धान,,,,,,,,
Reset app,ऐप रीसेट करें,অ্যাপ রিসেট করুন,యాప్‌ను రీసెట్ చేయండి,अ‍ॅप रीसेट करा,ஆப்பை மீட்டமை,એપ રીસેટ કરો,ಆ್ಯಪ್ ಅನ್ನು ಮರುಹೊಂದಿಸಿ,ആപ്പ് റീസെറ്റ് ചെയ്യുക,ਐਪ ਰੀਸੈੱਟ ਕਰੋ,ଆପ୍ ରିସେଟ୍ କରନ୍ତୁ,এপ ৰিছেট কৰক,ایپ ری سیٹ کریں,अनुप्रयोगं पुनःस्थापयतु,एप रिसेट गर्नुहोस्,अॅप रिसेट करात,एप रिसेट करू,एप रिसेट करो,एप फिन थिक खालाम,ايپ ري سيٽ ڪريو,ایپ ری سیٹ کریو,এপ রিসেত তৌরো,ᱮᱯ ᱨᱤᱥᱮᱴ
Retake assessment,आकलन फिर से लें,মূল্যায়ন পুনরায় করুন,అంచనాను మళ్లీ తీసుకోండి,मूल्यांकन पुन्हा करा,மதிப்பீட்டை மீண்டும் எடு,મૂલ્યાંકન ફરી લો,ಮೌಲ್ಯಮಾಪನವನ್ನು ಮರುಪಡೆಯಿರಿ,വിലയിരുത്തൽ വീണ്ടും ചെയ്യുക,ਜਾਂਚ ਦੁਬਾਰਾ ਕਰੋ,ମୂଲ୍ୟାଙ୍କନ ପୁନଃ କରନ୍ତୁ,মূল্যায়ন পুনৰ লওক,تشخیص دوبارہ کریں,मूल्यांकनं पुनः कुरुताम्,मूल्यांकन फेरि लिनुहोस्,,,,,,,,
Rewards,इनाम,পুরস্কার,రివార్డులు,बक्षिसे,வெகுமதிகள்,ઇનામો,ಬಹುಮಾನಗಳು,റിവാർഡുകൾ,ਇਨਾਮ,ପୁରସ୍କାର,পুৰস্কাৰ,انعامات,पुरस्काराः,पुरस्कार,इनाम,पुरस्कार,इनाम,इनाम,انعام,انعام,মনা,ᱤᱱᱟᱢ
Rewards are illustrative for this prototype.,इस प्रोटोटाइप के लिए इनाम केवल उदाहरण हैं।,এই প্রোটোটাইপের জন্য পুরস্কার শুধু উদাহরণস্বরূপ।,ఈ ప్రోటోటైప్ కోసం రివార్డులు ఉదాహరణాత్మకం మాత్రమే.,या प्रोटोटाइपसाठी बक्षिसे केवळ उदाहरणादाखल आहेत.,இந்த முன்மாதிரிக்கு வெகுமதிகள் விளக்கத்திற்காக மட்டுமே.,આ પ્રોટોટાઇપ માટે ઇનામો ઉદાહરણરૂપ છે.,ಈ ಮೂಲಮಾದರಿಗಾಗಿ ಬಹುಮಾನಗಳು ಕೇವಲ ಉದಾಹರಣೆಯಾಗಿವೆ.,ഈ പ്രോട്ടോടൈപ്പിനായി റിവാർഡുകൾ ഉദാഹരണം മാത്രമാണ്.,ਇਸ ਪ੍ਰੋਟੋਟਾਈਪ ਲਈ ਇਨਾਮ ਸਿਰਫ਼ ਉਦਾਹਰਨ ਵਜੋਂ ਹਨ।,ଏହି ପ୍ରୋଟୋଟାଇପ୍ ପାଇଁ ପୁରସ୍କାରଗୁଡ଼ିକ କେବଳ ଉଦାହରଣସ୍ୱରୂପ।,এই প্ৰ'ট'টাইপৰ বাবে পুৰস্কাৰ উদাহৰণস্বৰূপ।,اس پروٹوٹائپ کے لیے انعامات صرف بطورِ مثال ہیں۔,अस्मिन् प्रतिरूपे पुरस्काराः उदाहरणार्थाः सन्ति।,यस प्रोटोटाइपका लागि पुरस्कारहरू उदाहरणात्मक हुन्।,,,,,,,,
SEVERE / HIGH RISK,गंभीर / उच्च जोखिम,তীব্র / উচ্চ ঝুঁকি,తీవ్రం / అధిక ప్రమాదం,गंभीर / उच्च धोका,கடுமையான / அதிக ஆபத்து,ગંભીર / ઊંચું જોખમ,ತೀವ್ರ / ಹೆಚ್ಚಿನ ಅಪಾಯ,കഠിനം / ഉയർന്ന അപകടസാധ്യത,ਗੰਭੀਰ / ਉੱਚ ਜੋਖਮ,ତୀବ୍ର / ଉଚ୍ଚ ବିପଦ (SEVERE / HIGH RISK),গুৰুতৰ / উচ্চ বিপদ,شدید / زیادہ خطرہ,तीव्रम् / उच्चजोखिमः,गम्भीर / उच्च जोखिम,,,,,,,,
Safety,सुरक्षा,নিরাপত্তা,భద్రత,सुरक्षा,பாதுகாப்பு,સલામતી,ಸುರಕ್ಷತೆ,സുരക്ഷ,ਸੁਰੱਖਿਆ,ସୁରକ୍ଷା,সুৰক্ষা,حفاظت,सुरक्षा,सुरक्षा,,,,,,,,
Safety check,सुरक्षा जाँच,নিরাপত্তা পরীক্ষা,భద్రతా తనిఖీ,सुरक्षा तपासणी,பாதுகாப்பு சரிபார்ப்பு,સલામતી તપાસ,ಸುರಕ್ಷತಾ ಪರಿಶೀಲನೆ,സുരക്ഷാ പരിശോധന,ਸੁਰੱਖਿਆ ਜਾਂਚ,ସୁରକ୍ଷା ଯାଞ୍ଚ,সুৰক্ষা পৰীক্ষা,حفاظتی جانچ,सुरक्षापरीक्षणम्,सुरक्षा जाँच,सुरक्षा तपासणी,सुरक्षा जाँच,सुरक्षा जांच,रैखाथि नाजावनाय,حفاظتي جاچ,حفاظتی جانٛچ,ঙাকথোকপগী চাংয়েং,
Sciatica,साइटिका,সায়াটিকা,సయాటికా,सायटिका,சயாட்டிகா,સાયટિકા,ಸಯಾಟಿಕಾ,സയാറ്റിക്ക,ਸਾਇਟਿਕਾ,ସାଇଟିକା,চিয়াটিকা,سائیٹیکا,गृध्रसी,साइटिका,,,,,,,,
Score breakdown,स्कोर विवरण,স্কোর বিভাজন,స్కోర్ విభజన,स्कोअर तपशील,மதிப்பெண் விவரம்,સ્કોર વિગતવાર,ಸ್ಕೋರ್ ವಿವರಣೆ,സ്കോർ വിശകലനം,ਸਕੋਰ ਦਾ ਵੇਰਵਾ,ସ୍କୋର ବିଭାଜନ,স্ক'ৰৰ বিভাজন,اسکور کی تفصیل,अंकविभाजनम्,स्कोर विवरण,,,,,,,,
Screening & decision support only — not a diagnosis or a substitute for clinical judgment.,केवल जाँच और निर्णय सहायता — निदान या चिकित्सकीय निर्णय का विकल्प नहीं।,শুধুমাত্র স্ক্রিনিং ও সিদ্ধান্ত সহায়তা — কোনো রোগনির্ণয় নয় বা চিকিৎসা বিচারের বিকল্প নয়।,స్క్రీనింగ్ & నిర్ణయ మద్దతు మాత్రమే — ఇది రోగనిర్ధారణ కాదు లేదా వైద్య నిర్ణయానికి ప్రత్యామ్నాయం కాదు.,फक्त तपासणी आणि निर्णय आधार — हे निदान नाही किंवा वैद्यकीय सल्ल्याचा पर्याय नाही.,"பரிசோதனை & முடிவு ஆதரவு மட்டுமே — நோயறிதல் அல்ல, மருத்துவ தீர்ப்புக்கு மாற்றும் அல்ல.",ફક્ત તપાસ અને નિર્ણય-સહાય — નિદાન કે તબીબી નિર્ણયનો વિકલ્પ નથી.,ಸ್ಕ್ರೀನಿಂಗ್ ಮತ್ತು ನಿರ್ಧಾರ ಬೆಂಬಲ ಮಾತ್ರ — ಇದು ರೋಗನಿರ್ಣಯವಲ್ಲ ಅಥವಾ ವೈದ್ಯಕೀಯ ತೀರ್ಮಾನಕ್ಕೆ ಬದಲಿಯಲ್ಲ.,സ്ക്രീനിംഗും തീരുമാന പിന്തുണയും മാത്രം — രോഗനിർണയമോ ക്ലിനിക്കൽ വിലയിരുത്തലിന് പകരമോ അല്ല.,ਸਿਰਫ਼ ਜਾਂਚ ਅਤੇ ਫ਼ੈਸਲੇ ਵਿੱਚ ਮਦਦ — ਇਹ ਨਾ ਕੋਈ ਨਿਦਾਨ ਹੈ ਨਾ ਕਲੀਨਿਕਲ ਰਾਏ ਦਾ ਬਦਲ।,କେବଳ ସ୍କ୍ରିନିଂ ଓ ନିଷ୍ପତ୍ତି ସହାୟତା — ଏକ ରୋଗ ନିର୍ଣ୍ଣୟ କିମ୍ବା ଚିକିତ୍ସା ବିଚାରର ବିକଳ୍ପ ନୁହେଁ।,কেৱল পৰীক্ষণ আৰু সিদ্ধান্ত সহায় — ই ৰোগ নিৰ্ণয় বা চিকিৎসা বিচাৰৰ বিকল্প নহয়।,صرف اسکریننگ اور فیصلہ سازی میں معاونت — تشخیص نہیں اور طبی فیصلے کا متبادل نہیں۔,केवलं परीक्षणं निर्णयसहायता च — न निदानं न च चिकित्सकीयविवेकस्य स्थानापन्नम्।,केवल जाँच र निर्णय सहयोग — निदान वा चिकित्सकीय निर्णयको विकल्प होइन।,,,,,,,,
See your dashboard →,अपना डैशबोर्ड देखें →,আপনার ড্যাশবোর্ড দেখুন →,మీ డ్యాష్‌బోర్డ్ చూడండి →,तुमचा डॅशबोर्ड पहा →,உங்கள் டாஷ்போர்டைப் பார் →,તમારું ડેશબોર્ડ જુઓ →,ನಿಮ್ಮ ಡ್ಯಾಶ್‌ಬೋರ್ಡ್ ನೋಡಿ →,നിങ്ങളുടെ ഡാഷ്ബോർഡ് കാണുക →,ਆਪਣਾ ਡੈਸ਼ਬੋਰਡ ਦੇਖੋ →,ଆପଣଙ୍କ ଡ୍ୟାସ୍‍ବୋର୍ଡ ଦେଖନ୍ତୁ →,আপোনাৰ ডেছব'ৰ্ড চাওক →,اپنا ڈیش بورڈ دیکھیں →,तव फलकं पश्यतु →,आफ्नो ड्यासबोर्ड हेर्नुहोस् →,,,,,,,,
See your spine age →,अपनी रीढ़ की उम्र देखें →,আপনার মেরুদণ্ডের বয়স দেখুন →,మీ వెన్నెముక వయసు చూడండి →,तुमचे मणक्याचे वय पहा →,உங்கள் முதுகுத்தண்டு வயதைப் பார் →,તમારી કરોડરજ્જુની ઉંમર જુઓ →,ನಿಮ್ಮ ಬೆನ್ನುಮೂಳೆಯ ವಯಸ್ಸನ್ನು ನೋಡಿ →,നിങ്ങളുടെ നട്ടെല്ലിന്റെ പ്രായം കാണുക →,ਆਪਣੀ ਰੀੜ੍ਹ ਦੀ ਉਮਰ ਦੇਖੋ →,ଆପଣଙ୍କ ମେରୁଦଣ୍ଡର ବୟସ ଦେଖନ୍ତୁ →,আপোনাৰ মেৰুদণ্ডৰ বয়স চাওক →,اپنی ریڑھ کی ہڈی کی عمر دیکھیں →,तव मेरुवयः पश्यतु →,आफ्नो मेरुदण्डको उमेर हेर्नुहोस् →,,,,,,,,
Severe,गंभीर,তীব্র,తీవ్రం,गंभीर,கடுமையான,ગંભીર,ತೀವ್ರ,കഠിനം,ਗੰਭੀਰ,ତୀବ୍ର,গুৰুতৰ,شدید,तीव्रः,गम्भीर,तीव्र,गंभीर,गंभीर,गोख्रों,سخت,سخت,কনবা,ᱯᱷᱩᱨᱜᱟᱹᱞ
Severe (7–10),गंभीर (7–10),তীব্র (৭–১০),తీవ్రం (7–10),गंभीर (7–10),கடுமையான (7–10),ગંભીર (7–10),ತೀವ್ರ (7–10),കഠിനം (7–10),ਗੰਭੀਰ (7–10),ତୀବ୍ର (୭–୧୦),গুৰুতৰ (7–10),شدید (7–10),तीव्रः (७–१०),गम्भीर (७–१०),,,,,,,,
Severe symptoms with possible serious pathology.,संभावित गंभीर विकृति के साथ गंभीर लक्षण।,সম্ভাব্য গুরুতর রোগসহ তীব্র উপসর্গ।,"తీవ్రమైన లక్షణాలు, తీవ్రమైన వ్యాధికి అవకాశం.",संभाव्य गंभीर आजारासह गंभीर लक्षणे.,"கடுமையான அறிகுறிகள், தீவிர நோய்நிலை இருக்கலாம்.","ગંભીર લક્ષણો, સંભવિત ગંભીર બીમારી સાથે.",ಸಂಭವನೀಯ ಗಂಭೀರ ಕಾಯಿಲೆಯೊಂದಿಗೆ ತೀವ್ರ ಲಕ್ಷಣಗಳು.,ഗുരുതര രോഗസാധ്യതയോടെയുള്ള കഠിന ലക്ഷണങ്ങൾ.,ਸੰਭਾਵੀ ਗੰਭੀਰ ਬਿਮਾਰੀ ਨਾਲ ਗੰਭੀਰ ਲੱਛਣ।,ସମ୍ଭାବ୍ୟ ଗମ୍ଭୀର ରୋଗ ସହିତ ତୀବ୍ର ଲକ୍ଷଣ।,সম্ভাৱ্য গুৰুতৰ ৰোগৰ সৈতে গুৰুতৰ লক্ষণ।,شدید علامات جن میں ممکنہ سنگین بیماری ہو۔,सम्भाव्यगम्भीररोगसहितानि तीव्रलक्षणानि।,सम्भावित गम्भीर रोगसहितका गम्भीर लक्षण।,,,,,,,,
Sex,लिंग,লিঙ্গ,లింగం,लिंग,பாலினம்,લિંગ,ಲಿಂಗ,ലിംഗം,ਲਿੰਗ,ଲିଙ୍ଗ,লিংগ,جنس,लिङ्गम्,लिङ्ग,,,,,,,,
Sitting,बैठना,বসা,కూర్చోవడం,बसणे,உட்காருதல்,બેસવું,ಕುಳಿತುಕೊಳ್ಳುವುದು,ഇരിക്കൽ,ਬੈਠਣਾ,ବସିବା,বহি থকা,بیٹھنا,उपवेशनम्,बस्दा,बसप,बैसब,बैठना,जिरायनाय,ويهڻ,بِہُن,ফম্বা,ᱫᱩᱲᱩᱵ
Sleep,नींद,ঘুম,నిద్ర,झोप,தூக்கம்,ઊંઘ,ನಿದ್ರೆ,ഉറക്കം,ਨੀਂਦ,ଶୋଇବା,টোপনি,نیند,निद्रा,निद्रा,नीद,निन्न,नींद,उन्दुनाय,ننڊ,نٕینٛدر,তুম্বা,ᱡᱟᱯᱤᱫ
Spine Severity Score,,স্পাইন সিভিয়ারিটি স্কোর,,,,,ಸ್ಪೈನ್ ಸಿವಿಯರಿಟಿ ಸ್ಕೋರ್,,,,,,मेरुगाम्भीर्य-अंकः,,,,,,,,,
Spine age,रीढ़ की उम्र,মেরুদণ্ডের বয়স,వెన్నెముక వయసు,मणक्याचे वय,முதுகுத்தண்டு வயது,કરોડરજ્જુની ઉંમર,ಬೆನ್ನುಮೂಳೆಯ ವಯಸ್ಸು,നട്ടെല്ലിന്റെ പ്രായം,ਰੀੜ੍ਹ ਦੀ ਉਮਰ,ମେରୁଦଣ୍ଡର ବୟସ,মেৰুদণ্ডৰ বয়স,ریڑھ کی ہڈی کی عمر,मेरुवयः,मेरुदण्डको उमेर,,,,,,,,
Spine diary,स्पाइन डायरी,স্পাইন ডায়েরি,స్పైన్ డైరీ,स्पाइन डायरी,முதுகுத்தண்டு நாட்குறிப்பு,સ્પાઇન ડાયરી,ಬೆನ್ನುಮೂಳೆ ಡೈರಿ,സ്പൈൻ ഡയറി,ਸਪਾਈਨ ਡਾਇਰੀ,ସ୍ପାଇନ୍ ଡାଏରୀ,স্পাইন ডায়েৰী,اسپائن ڈائری,मेरुदैनन्दिनी,स्पाइन डायरी,,,,,,,,
Spine specialist consultation and advanced care.,रीढ़ विशेषज्ञ परामर्श और उन्नत देखभाल।,মেরুদণ্ড বিশেষজ্ঞের পরামর্শ ও উন্নত যত্ন।,"వెన్నెముక నిపుణుల సంప్రదింపు, అధునాతన సంరక్షణ.",मणका तज्ज्ञांचा सल्ला आणि प्रगत उपचार.,முதுகுத்தண்டு நிபுணர் ஆலோசனை மற்றும் மேம்பட்ட பராமரிப்பு.,કરોડરજ્જુ નિષ્ણાત સલાહ અને અદ્યતન સંભાળ.,ಬೆನ್ನುಮೂಳೆ ತಜ್ಞರ ಸಮಾಲೋಚನೆ ಮತ್ತು ಸುಧಾರಿತ ಆರೈಕೆ.,നട്ടെല്ല് വിദഗ്ധന്റെ കൂടിയാലോചനയും നൂതന പരിചരണവും.,ਸਪਾਈਨ ਸਪੈਸ਼ਲਿਸਟ ਸਲਾਹ ਅਤੇ ਉੱਨਤ ਦੇਖਭਾਲ।,ମେରୁଦଣ୍ଡ ବିଶେଷଜ୍ଞଙ୍କ ପରାମର୍ଶ ଓ ଉନ୍ନତ ଯତ୍ନ।,স্পাইন বিশেষজ্ঞৰ পৰামৰ্শ আৰু উন্নত চিকিৎসা।,ریڑھ کی ہڈی کے ماہر سے مشورہ اور جدید علاج۔,मेरुविशेषज्ञपरामर्शः प्रगतचिकित्सा च।,मेरुदण्ड विशेषज्ञको परामर्श र उन्नत हेरचाह।,,,,,,,,
Standing,खड़े होना,দাঁড়ানো,నిలబడటం,उभे राहणे,நிற்றல்,ઊભા રહેવું,ನಿಂತುಕೊಳ್ಳುವುದು,നിൽക്കൽ,ਖੜ੍ਹਨਾ,ଠିଆ ହେବା,থিয় হৈ থকা,کھڑے ہونا,अवस्थानम्,उभिँदा,,,,,,,,
Subacute,अर्ध-तीव्र (सबएक्यूट),উপ-তীব্র,ఉప-తీవ్రమైన (సబ్‌అక్యూట్),उपतीव्र,துணைத் தீவிரம் (Subacute),ઉપતીવ્ર (સબએક્યુટ),ಉಪತೀವ್ರ,ഉപനിശിതം,ਅਰਧ-ਤੀਬਰ,ଅବ-ତୀବ୍ର (ସବ୍‍ଆକ୍ୟୁଟ୍),উপ-তীব্ৰ (ছাবএকিউট),ذیلی شدید (سب ایکیوٹ),अर्धतीव्रः,अर्ध-तीव्र,,,,,,,,
Talk to a spine consultant,रीढ़ सलाहकार से बात करें,একজন স্পাইন পরামর্শদাতার সাথে কথা বলুন,వెన్నెముక నిపుణుడితో మాట్లాడండి,स्पाइन सल्लागाराशी बोला,முதுகுத்தண்டு ஆலோசகருடன் பேசு,સ્પાઇન કન્સલ્ટન્ટ સાથે વાત કરો,ಬೆನ್ನುಮೂಳೆ ಸಲಹೆಗಾರರೊಂದಿಗೆ ಮಾತನಾಡಿ,ഒരു സ്പൈൻ കൺസൾട്ടന്റുമായി സംസാരിക്കുക,ਸਪਾਈਨ ਸਲਾਹਕਾਰ ਨਾਲ ਗੱਲ ਕਰੋ,ଜଣେ ସ୍ପାଇନ୍ କନସଲ୍‍ଟାଣ୍ଟଙ୍କ ସହ କଥା ହୁଅନ୍ତୁ,স্পাইন কনছালটেণ্টৰ সৈতে কথা পাতক,اسپائن کنسلٹنٹ سے بات کریں,मेरुपरामर्शकेन सह संलापः,स्पाइन परामर्शदातासँग कुरा गर्नुहोस्,पाटीच्या तज्ञाकडेन उलयात,रीढ़ विशेषज्ञ सँ गप्प करू,रीढ़ माहिर कन्नै गल्ल करो,,,,,
Tasks completed,पूरे किए गए कार्य,সম্পন্ন কাজ,పూర్తయిన పనులు,पूर्ण केलेली कामे,முடிக்கப்பட்ட பணிகள்,પૂર્ણ થયેલાં કાર્યો,ಪೂರ್ಣಗೊಂಡ ಕಾರ್ಯಗಳು,പൂർത്തിയാക്കിയ ജോലികൾ,ਪੂਰੇ ਕੀਤੇ ਕੰਮ,ସମ୍ପୂର୍ଣ୍ଣ ହୋଇଥିବା କାର୍ଯ୍ୟ,সম্পূৰ্ণ হোৱা কাম,مکمل ہونے والے کام,समापितकार्याणि,पूरा भएका कार्यहरू,,,,,,,,
This becomes your daily home,यह आपका दैनिक होम बन जाता है,এটি আপনার দৈনিক হোম হয়ে ওঠে,ఇది మీ రోజువారీ హోమ్ అవుతుంది,हे तुमचे रोजचे होम बनते,இது உங்கள் தினசரி முகப்பாக மாறும்,આ તમારું રોજનું હોમ બને છે,ಇದು ನಿಮ್ಮ ದೈನಂದಿನ ಮುಖಪುಟವಾಗುತ್ತದೆ,ഇത് നിങ്ങളുടെ ദൈനംദിന ഹോം ആകുന്നു,ਇਹ ਤੁਹਾਡਾ ਰੋਜ਼ਾਨਾ ਘਰ ਬਣ ਜਾਂਦਾ ਹੈ,ଏହା ଆପଣଙ୍କ ଦୈନିକ ହୋମ୍ ହୋଇଯିବ,এইটো আপোনাৰ দৈনন্দিন হোম হয়,یہ آپ کا روزانہ ہوم بن جاتا ہے,इदं तव प्रतिदिनगृहं भवति,यो तपाईंको दैनिक होम बन्छ,,,,,,,,
"Tick anything you currently have. If none, leave them unchecked.","आपके पास अभी जो भी हो उसे टिक करें। यदि कोई नहीं, तो उन्हें अनचेक छोड़ दें।","বর্তমানে আপনার যা আছে তা টিক দিন। কোনোটি না থাকলে, অচিহ্নিত রাখুন।","మీకు ప్రస్తుతం ఉన్న వాటిని టిక్ చేయండి. ఏవీ లేకపోతే, వాటిని ఎంపిక చేయకుండా వదిలేయండి.","सध्या तुमच्याकडे असलेले काहीही निवडा. काहीही नसल्यास, ते न निवडता ठेवा.","தற்போது உங்களுக்கு இருப்பவற்றைக் குறியிடுங்கள். எதுவும் இல்லையெனில், அவற்றைத் தேர்வுசெய்யாமல் விடுங்கள்.","હાલમાં તમારી પાસે જે હોય તે પર નિશાની કરો. જો કોઈ ન હોય, તો ખાલી રહેવા દો.","ನಿಮ್ಮಲ್ಲಿ ಪ್ರಸ್ತುತ ಇರುವ ಯಾವುದನ್ನಾದರೂ ಗುರುತಿಸಿ. ಯಾವುದೂ ಇಲ್ಲದಿದ್ದರೆ, ಗುರುತಿಸದೆ ಬಿಡಿ.",നിങ്ങൾക്ക് ഇപ്പോൾ ഉള്ളവ ടിക്ക് ചെയ്യുക. ഒന്നുമില്ലെങ്കിൽ അവ ഒഴിച്ചിടുക.,"ਜੋ ਵੀ ਤੁਹਾਨੂੰ ਇਸ ਵੇਲੇ ਹੈ ਉਸ 'ਤੇ ਨਿਸ਼ਾਨ ਲਾਓ। ਜੇ ਕੋਈ ਨਹੀਂ, ਤਾਂ ਖਾਲੀ ਛੱਡ ਦਿਓ।","ଆପଣଙ୍କ ବର୍ତ୍ତମାନ ଯାହା ଅଛି ତାହା ଟିକ୍ କରନ୍ତୁ। କିଛି ନଥିଲେ, ଅଚିହ୍ନିତ ଛାଡ଼ି ଦିଅନ୍ତୁ।","আপোনাৰ এতিয়া যি আছে সেইবোৰ চিন দিয়ক। যদি একো নাই, অচিহ্নিত কৰি ৰাখক।",جو کچھ بھی اس وقت آپ کو ہے اس پر نشان لگائیں۔ اگر کوئی نہیں تو غیر نشان زدہ چھوڑ دیں۔,"सम्प्रति यत् किमपि तव अस्ति तत् चिह्नयतु। यदि न किमपि, तर्हि अचिह्नितानि त्यजतु।","तपाईंलाई अहिले भएको जे पनि टिक गर्नुहोस्। केही छैन भने, खाली छोड्नुहोस्।",,,,,,,,
Today,आज,আজ,ఈరోజు,आज,இன்று,આજ,ಇಂದು,ഇന്ന്,ਅੱਜ,ଆଜି,আজি,آج,अद्य,आज,आयज,आइ,अज्ज,दिनै,اڄ,اَز,ঙসি,ᱛᱮᱦᱮᱸᱭ
Unexplained weight loss,अस्पष्ट वज़न घटना,অব্যাখ্যাত ওজন হ্রাস,వివరించలేని బరువు తగ్గుదల,अकारण वजन कमी होणे,விளக்க முடியாத எடை இழப்பு,અસ્પષ્ટ વજન ઘટાડો,ವಿವರಿಸಲಾಗದ ತೂಕ ಇಳಿಕೆ,വിശദീകരിക്കാനാവാത്ത ഭാരക്കുറവ്,ਅਣਜਾਣ ਕਾਰਨ ਭਾਰ ਘਟਣਾ,ଅବ୍ୟାଖ୍ୟାତ ଓଜନ ହ୍ରାସ,অব্যাখ্যাত ওজন হ্ৰাস,غیر واضح وزن میں کمی,अव्याख्यातं भारह्रासम्,अव्याख्यायित तौल घट्नु,,,,,,,,
Urgent spine-specialist evaluation / advanced care.,तत्काल रीढ़-विशेषज्ञ मूल्यांकन / उन्नत देखभाल।,জরুরি স্পাইন-বিশেষজ্ঞ মূল্যায়ন / উন্নত যত্ন।,తక్షణ వెన్నెముక-నిపుణుల మూల్యాంకనం / అధునాతన సంరక్షణ.,तातडीची मणका-तज्ज्ञ तपासणी / प्रगत उपचार.,அவசர முதுகுத்தண்டு நிபுணர் மதிப்பீடு / மேம்பட்ட பராமரிப்பு.,તાત્કાલિક કરોડરજ્જુ-નિષ્ણાત મૂલ્યાંકન / અદ્યતન સંભાળ.,ತುರ್ತು ಬೆನ್ನುಮೂಳೆ-ತಜ್ಞ ಮೌಲ್ಯಮಾಪನ / ಸುಧಾರಿತ ಆರೈಕೆ.,അടിയന്തര നട്ടെല്ല് വിദഗ്ധ വിലയിരുത്തൽ / നൂതന പരിചരണം.,ਤੁਰੰਤ ਸਪਾਈਨ-ਸਪੈਸ਼ਲਿਸਟ ਮੁਲਾਂਕਣ / ਉੱਨਤ ਦੇਖਭਾਲ।,ତୁରନ୍ତ ମେରୁଦଣ୍ଡ-ବିଶେଷଜ୍ଞଙ୍କ ମୂଲ୍ୟାଙ୍କନ / ଉନ୍ନତ ଯତ୍ନ।,তৎকালীন স্পাইন-বিশেষজ্ঞ মূল্যায়ন / উন্নত চিকিৎসা।,فوری ریڑھ کی ہڈی کے ماہر کا معائنہ / جدید علاج۔,तत्काल-मेरुविशेषज्ञमूल्यांकनम् / प्रगतचिकित्सा।,तुरुन्त मेरुदण्ड-विशेषज्ञको मूल्यांकन / उन्नत हेरचाह।,,,,,,,,
Videos,वीडियो,ভিডিও,వీడియోలు,व्हिडिओ,வீடியோக்கள்,વિડિયો,ವೀಡಿಯೊಗಳು,വീഡിയോകൾ,ਵੀਡੀਓ,ଭିଡିଓ,ভিডিঅ',ویڈیوز,दृश्यानि,भिडियोहरू,,,,,,,,
Walking,चलना,হাঁটা,నడక,चालणे,நடத்தல்,ચાલવું,ನಡಿಗೆ,നടത്തം,ਤੁਰਨਾ,ଚାଲିବା,খোজ কঢ়া,چلنا,चलनम्,हिँड्दा,चलप,चलब,चलना,थाबायनाय,هلڻ,پکُن,চৎপা,ᱪᱟᱞᱟᱣ
Walking · Sleep,चलना · नींद,হাঁটা · ঘুম,నడక · నిద్ర,चालणे · झोप,நடத்தல் · தூக்கம்,ચાલવું · ઊંઘ,ನಡಿಗೆ · ನಿದ್ರೆ,നടത്തം · ഉറക്കം,ਤੁਰਨਾ · ਨੀਂਦ,ଚାଲିବା · ଶୋଇବା,খোজ · টোপনি,چلنا · نیند,चलनम् · निद्रा,हिँडाइ · निद्रा,,,,,,,,
Website,वेबसाइट,ওয়েবসাইট,వెబ్‌సైట్,वेबसाइट,வலைத்தளம்,વેબસાઇટ,ವೆಬ್‌ಸೈಟ್,വെബ്സൈറ്റ്,ਵੈੱਬਸਾਈਟ,ୱେବସାଇଟ୍,ৱেবছাইট,ویب سائٹ,जालपुटम्,वेबसाइट,,,,,,,,
Weight (kg),वज़न (kg),ওজন (কেজি),బరువు (కేజీ),वजन (kg),எடை (கி.கி),વજન (kg),ತೂಕ (ಕೆ.ಜಿ.),ഭാരം (kg),ਭਾਰ (ਕਿਲੋ),ଓଜନ (କିଗ୍ରା),ওজন (কিগ্ৰা),وزن (کلوگرام),भारः (कि.ग्रा.),तौल (केजी),,,,,,,,
"We’ll pull your name, basics and recent activity automatically — and keep your habits updated. You can also enter things manually.","हम आपका नाम, बुनियादी जानकारी और हाल की गतिविधि अपने आप ले लेंगे — और आपकी आदतों को अपडेट रखेंगे। आप चीज़ें मैन्युअल रूप से भी दर्ज कर सकते हैं।","আমরা স্বয়ংক্রিয়ভাবে আপনার নাম, মৌলিক তথ্য ও সাম্প্রতিক কার্যকলাপ নিয়ে আসব — এবং আপনার অভ্যাস আপডেট রাখব। আপনি হাতেও তথ্য দিতে পারেন।","మేము మీ పేరు, ప్రాథమిక వివరాలు, ఇటీవలి కార్యకలాపాన్ని స్వయంచాలకంగా తీసుకుంటాము — మరియు మీ అలవాట్లను నవీకరిస్తూ ఉంటాము. మీరు వాటిని మాన్యువల్‌గా కూడా నమోదు చేయవచ్చు.","आम्ही तुमचे नाव, मूलभूत माहिती आणि अलीकडील क्रिया आपोआप घेऊ — आणि तुमच्या सवयी अद्यतनित ठेवू. तुम्ही गोष्टी स्वतःही भरू शकता.","உங்கள் பெயர், அடிப்படைகள் மற்றும் சமீபத்திய செயல்பாட்டை நாங்கள் தானாகவே எடுத்துக்கொள்வோம் — மேலும் உங்கள் பழக்கங்களைப் புதுப்பித்து வைப்போம். நீங்கள் கைமுறையாகவும் உள்ளிடலாம்.","અમે તમારું નામ, પાયાની માહિતી અને તાજેતરની પ્રવૃત્તિ આપમેળે લાવીશું — અને તમારી આદતો અપડેટ રાખીશું. તમે વસ્તુઓ મેન્યુઅલી પણ દાખલ કરી શકો છો.","ನಿಮ್ಮ ಹೆಸರು, ಮೂಲಭೂತ ಮಾಹಿತಿ ಮತ್ತು ಇತ್ತೀಚಿನ ಚಟುವಟಿಕೆಯನ್ನು ನಾವು ಸ್ವಯಂಚಾಲಿತವಾಗಿ ತರುತ್ತೇವೆ — ಮತ್ತು ನಿಮ್ಮ ಅಭ್ಯಾಸಗಳನ್ನು ನವೀಕೃತವಾಗಿ ಇರಿಸುತ್ತೇವೆ. ನೀವು ವಿಷಯಗಳನ್ನು ಕೈಯಿಂದಲೂ ನಮೂದಿಸಬಹುದು.","നിങ്ങളുടെ പേര്, അടിസ്ഥാന വിവരങ്ങൾ, സമീപകാല പ്രവർത്തനം എന്നിവ ഞങ്ങൾ സ്വയമേവ എടുക്കും — കൂടാതെ നിങ്ങളുടെ ശീലങ്ങൾ പുതുക്കിക്കൊണ്ടിരിക്കും. നിങ്ങൾക്ക് നേരിട്ടും വിവരങ്ങൾ നൽകാം.","ਅਸੀਂ ਤੁਹਾਡਾ ਨਾਮ, ਮੁੱਢਲੀਆਂ ਗੱਲਾਂ ਅਤੇ ਤਾਜ਼ਾ ਗਤੀਵਿਧੀ ਆਪਣੇ-ਆਪ ਲੈ ਲਵਾਂਗੇ — ਅਤੇ ਤੁਹਾਡੀਆਂ ਆਦਤਾਂ ਅੱਪਡੇਟ ਰੱਖਾਂਗੇ। ਤੁਸੀਂ ਚੀਜ਼ਾਂ ਹੱਥੀਂ ਵੀ ਦਾਖਲ ਕਰ ਸਕਦੇ ਹੋ।","ଆମେ ଆପଣଙ୍କ ନାମ, ମୌଳିକ ତଥ୍ୟ ଓ ସମ୍ପ୍ରତିକ କାର୍ଯ୍ୟକଳାପ ସ୍ୱୟଂଚାଳିତ ଭାବେ ଆଣିବୁ — ଏବଂ ଆପଣଙ୍କ ଅଭ୍ୟାସ ଅପଡେଟ୍ ରଖିବୁ। ଆପଣ ମାନୁଆଲ୍ ଭାବେ ମଧ୍ୟ ଭରି ପାରିବେ।","আমি আপোনাৰ নাম, মৌলিক তথ্য আৰু শেহতীয়া কাৰ্যকলাপ স্বয়ংক্ৰিয়ভাৱে আনিম — আৰু আপোনাৰ অভ্যাসসমূহ আপডেট কৰি ৰাখিম। আপুনি হাতেৰেও বস্তু দিব পাৰে।",ہم آپ کا نام، بنیادی معلومات اور حالیہ سرگرمی خود بخود حاصل کر لیں گے — اور آپ کی عادتیں اپ ڈیٹ رکھیں گے۔ آپ چیزیں دستی طور پر بھی درج کر سکتے ہیں۔,"वयं तव नाम, मूलविवरणानि, अधुनातनक्रियां च स्वयमेव आनयिष्यामः — तव अभ्यासान् च नवीकृतान् स्थापयिष्यामः। त्वं स्वयम् अपि विवरणानि प्रविशितुं शक्नोषि।","हामी तपाईंको नाम, आधारभूत कुरा र भर्खरको गतिविधि स्वतः ल्याउनेछौं — र तपाईंका बानीहरू अद्यावधिक राख्नेछौं। तपाईं हातैले पनि प्रविष्ट गर्न सक्नुहुन्छ।",,,,,,,,
What your symptoms and lifestyle say about your lumbar spine — not just a number.,आपके लक्षण और जीवनशैली आपकी लंबर रीढ़ के बारे में क्या कहते हैं — केवल एक संख्या नहीं।,আপনার উপসর্গ ও জীবনযাত্রা আপনার কোমরের মেরুদণ্ড সম্পর্কে কী বলে — শুধু একটি সংখ্যা নয়।,"మీ లక్షణాలు, జీవనశైలి మీ నడుము వెన్నెముక గురించి ఏమి చెబుతున్నాయి — కేవలం ఒక సంఖ్య కాదు.",तुमची लक्षणे आणि जीवनशैली तुमच्या कंबरेबद्दल काय सांगते — फक्त एक आकडा नाही.,உங்கள் அறிகுறிகளும் வாழ்க்கைமுறையும் உங்கள் இடுப்பு முதுகுத்தண்டைப் பற்றி என்ன சொல்கின்றன — வெறும் எண் மட்டுமல்ல.,તમારાં લક્ષણો અને જીવનશૈલી તમારી કમર વિશે શું કહે છે — ફક્ત એક આંકડો નહીં.,ನಿಮ್ಮ ಲಕ್ಷಣಗಳು ಮತ್ತು ಜೀವನಶೈಲಿ ನಿಮ್ಮ ಸೊಂಟದ ಬೆನ್ನುಮೂಳೆಯ ಬಗ್ಗೆ ಏನು ಹೇಳುತ್ತವೆ — ಕೇವಲ ಒಂದು ಸಂಖ್ಯೆಯಲ್ಲ.,നിങ്ങളുടെ ലക്ഷണങ്ങളും ജീവിതശൈലിയും നിങ്ങളുടെ നടുവിനെക്കുറിച്ച് പറയുന്നത് — വെറുമൊരു സംഖ്യയല്ല.,ਤੁਹਾਡੇ ਲੱਛਣ ਅਤੇ ਜੀਵਨ-ਸ਼ੈਲੀ ਤੁਹਾਡੀ ਲੰਬਰ ਰੀੜ੍ਹ ਬਾਰੇ ਕੀ ਕਹਿੰਦੇ ਹਨ — ਸਿਰਫ਼ ਇੱਕ ਨੰਬਰ ਨਹੀਂ।,ଆପଣଙ୍କ ଲକ୍ଷଣ ଓ ଜୀବନଶୈଳୀ ଆପଣଙ୍କ କଟି ମେରୁଦଣ୍ଡ ବିଷୟରେ ଯାହା କୁହେ — କେବଳ ଏକ ସଂଖ୍ୟା ନୁହେଁ।,আপোনাৰ লক্ষণ আৰু জীৱনশৈলীয়ে আপোনাৰ কঁকালৰ বিষয়ে কি কয় — কেৱল এটা সংখ্যা নহয়।,آپ کی علامات اور طرزِ زندگی آپ کی کمر کے بارے میں کیا کہتے ہیں — صرف ایک نمبر نہیں۔,तव लक्षणानि जीवनशैली च तव कटिमेरोः विषये यत् कथयन्ति — न केवलम् अङ्कः।,तपाईंका लक्षण र जीवनशैलीले तपाईंको कम्मरको मेरुदण्डबारे के भन्छ — केवल एउटा संख्या होइन।,,,,,,,,
You can change this anytime in Profile.,आप इसे प्रोफ़ाइल में कभी भी बदल सकते हैं।,আপনি প্রোফাইলে যেকোনো সময় এটি পরিবর্তন করতে পারেন।,మీరు దీన్ని ప్రొఫైల్‌లో ఎప్పుడైనా మార్చవచ్చు.,तुम्ही हे प्रोफाइलमध्ये कधीही बदलू शकता.,இதை சுயவிவரத்தில் எப்போது வேண்டுமானாலும் மாற்றலாம்.,તમે આ ક્યારેય પ્રોફાઇલમાં બદલી શકો છો.,ನೀವು ಇದನ್ನು ಪ್ರೊಫೈಲ್‌ನಲ್ಲಿ ಯಾವಾಗ ಬೇಕಾದರೂ ಬದಲಾಯಿಸಬಹುದು.,പ്രൊഫൈലിൽ നിങ്ങൾക്ക് ഇത് എപ്പോൾ വേണമെങ്കിലും മാറ്റാം.,ਤੁਸੀਂ ਇਸਨੂੰ ਪ੍ਰੋਫਾਈਲ ਵਿੱਚ ਕਦੇ ਵੀ ਬਦਲ ਸਕਦੇ ਹੋ।,ଆପଣ ଏହାକୁ ଯେକୌଣସି ସମୟରେ ପ୍ରୋଫାଇଲ୍‍ରେ ବଦଳାଇ ପାରିବେ।,আপুনি ইয়াক প্ৰ'ফাইলত যিকোনো সময়তে সলনি কৰিব পাৰে।,آپ اسے پروفائل میں کسی بھی وقت تبدیل کر سکتے ہیں۔,इदं त्वं परिचयिकायां कदापि परिवर्तयितुं शक्नोषि।,तपाईं यो प्रोफाइलमा जुनसुकै बेला परिवर्तन गर्न सक्नुहुन्छ।,,,,,,,,
Your age,आपकी उम्र,আপনার বয়স,మీ వయసు,तुमचे वय,உங்கள் வயது,તમારી ઉંમર,ನಿಮ್ಮ ವಯಸ್ಸು,നിങ്ങളുടെ പ്രായം,ਤੁਹਾਡੀ ਉਮਰ,ଆପଣଙ୍କ ବୟସ,আপোনাৰ বয়স,آپ کی عمر,तव वयः,तपाईंको उमेर,,,,,,,,
Your dashboard,आपका डैशबोर्ड,আপনার ড্যাশবোর্ড,మీ డ్యాష్‌బోర్డ్,तुमचा डॅशबोर्ड,உங்கள் டாஷ்போர்டு,તમારું ડેશબોર્ડ,ನಿಮ್ಮ ಡ್ಯಾಶ್‌ಬೋರ್ಡ್,നിങ്ങളുടെ ഡാഷ്ബോർഡ്,ਤੁਹਾਡਾ ਡੈਸ਼ਬੋਰਡ,ଆପଣଙ୍କ ଡ୍ୟାସ୍‍ବୋର୍ଡ,আপোনাৰ ডেছব'ৰ্ড,آپ کا ڈیش بورڈ,तव फलकम्,तपाईंको ड्यासबोर्ड,तुमचो डॅशबोर्ड,अहाँक डैशबोर्ड,तुंदा डैशबोर्ड,,,,,
Your details are pre-filled — review them next.,आपके विवरण पहले से भरे हुए हैं — आगे उनकी समीक्षा करें।,আপনার তথ্য আগে থেকে পূরণ করা আছে — পরবর্তীতে সেগুলো পর্যালোচনা করুন।,మీ వివరాలు ముందుగా నింపబడ్డాయి — తదుపరి వాటిని సమీక్షించండి.,तुमची माहिती आधीच भरलेली आहे — पुढे ती तपासा.,உங்கள் விவரங்கள் முன்கூட்டியே நிரப்பப்பட்டுள்ளன — அடுத்து அவற்றை மதிப்பாய்வு செய்யுங்கள்.,તમારી વિગતો અગાઉથી ભરેલી છે — હવે તે તપાસો.,ನಿಮ್ಮ ವಿವರಗಳನ್ನು ಮೊದಲೇ ಭರ್ತಿ ಮಾಡಲಾಗಿದೆ — ಮುಂದೆ ಅವುಗಳನ್ನು ಪರಿಶೀಲಿಸಿ.,നിങ്ങളുടെ വിവരങ്ങൾ മുൻകൂട്ടി പൂരിപ്പിച്ചിട്ടുണ്ട് — അടുത്തതായി അവ പരിശോധിക്കുക.,ਤੁਹਾਡੇ ਵੇਰਵੇ ਪਹਿਲਾਂ ਹੀ ਭਰੇ ਹੋਏ ਹਨ — ਅੱਗੇ ਉਹਨਾਂ ਦੀ ਸਮੀਖਿਆ ਕਰੋ।,ଆପଣଙ୍କ ବିବରଣୀ ପୂର୍ବରୁ ଭରାଯାଇଛି — ପରେ ସେଗୁଡ଼ିକ ସମୀକ୍ଷା କରନ୍ତୁ।,আপোনাৰ বিৱৰণ আগতীয়াকৈ পূৰ কৰা হৈছে — পৰৱৰ্তীতে সেইবোৰ পৰীক্ষা কৰক।,آپ کی تفصیلات پہلے سے بھری ہوئی ہیں — اگلے مرحلے میں ان کا جائزہ لیں۔,तव विवरणानि पूर्वपूरितानि सन्ति — अग्रे तानि समीक्षताम्।,तपाईंका विवरण पहिल्यै भरिएका छन् — अब तिनलाई समीक्षा गर्नुहोस्।,,,,,,,,
Your pattern suggests significant strain on the lumbar spine. Prompt specialist input is important.,आपका पैटर्न लंबर रीढ़ पर महत्वपूर्ण तनाव का सुझाव देता है। शीघ्र विशेषज्ञ राय लेना महत्वपूर्ण है।,আপনার ধরন কোমরের মেরুদণ্ডে উল্লেখযোগ্য চাপের ইঙ্গিত দেয়। দ্রুত বিশেষজ্ঞের পরামর্শ গুরুত্বপূর্ণ।,మీ నమూనా నడుము వెన్నెముకపై గణనీయమైన ఒత్తిడిని సూచిస్తుంది. తక్షణ నిపుణుల సలహా ముఖ్యం.,तुमची पद्धत कंबरेवर लक्षणीय ताण दर्शवते. तज्ज्ञांचा त्वरित सल्ला महत्त्वाचा आहे.,உங்கள் முறை இடுப்பு முதுகுத்தண்டில் கணிசமான அழுத்தத்தைக் குறிக்கிறது. உடனடி நிபுணர் ஆலோசனை முக்கியம்.,તમારી પેટર્ન કમર પર નોંધપાત્ર તાણ સૂચવે છે. નિષ્ણાતની ઝડપી સલાહ મહત્વપૂર્ણ છે.,ನಿಮ್ಮ ಮಾದರಿಯು ಸೊಂಟದ ಬೆನ್ನುಮೂಳೆಯ ಮೇಲೆ ಗಮನಾರ್ಹ ಒತ್ತಡವನ್ನು ಸೂಚಿಸುತ್ತದೆ. ತ್ವರಿತ ತಜ್ಞರ ಸಲಹೆ ಮುಖ್ಯವಾಗಿದೆ.,നിങ്ങളുടെ മാതൃക നടുവിന് കാര്യമായ സമ്മർദ്ദം സൂചിപ്പിക്കുന്നു. വിദഗ്ധന്റെ ഉടനടി അഭിപ്രായം പ്രധാനമാണ്.,ਤੁਹਾਡਾ ਨਮੂਨਾ ਲੰਬਰ ਰੀੜ੍ਹ 'ਤੇ ਕਾਫ਼ੀ ਖਿਚਾਅ ਦਾ ਸੰਕੇਤ ਦਿੰਦਾ ਹੈ। ਛੇਤੀ ਸਪੈਸ਼ਲਿਸਟ ਦੀ ਸਲਾਹ ਜ਼ਰੂਰੀ ਹੈ।,ଆପଣଙ୍କ ଢାଞ୍ଚା କଟି ମେରୁଦଣ୍ଡ ଉପରେ ଯଥେଷ୍ଟ ଚାପ ଦର୍ଶାଉଛି। ଶୀଘ୍ର ବିଶେଷଜ୍ଞଙ୍କ ମତାମତ ଗୁରୁତ୍ୱପୂର୍ଣ୍ଣ।,আপোনাৰ আৰ্হিয়ে কঁকালৰ ওপৰত উল্লেখযোগ্য চাপ থকা বুজায়। শীঘ্ৰে বিশেষজ্ঞৰ পৰামৰ্শ লোৱাটো গুৰুত্বপূৰ্ণ।,آپ کا نمونہ کمر پر نمایاں دباؤ ظاہر کرتا ہے۔ ماہر کی فوری رائے ضروری ہے۔,तव प्रतिरूपं कटिमेरौ महतीं तनुतां सूचयति। शीघ्रं विशेषज्ञपरामर्शः महत्त्वपूर्णः।,तपाईंको ढाँचाले कम्मरको मेरुदण्डमा उल्लेखनीय तनाव सुझाव दिन्छ। शीघ्र विशेषज्ञको सल्लाह महत्त्वपूर्ण छ।,,,,,,,,
Your personal,आपका व्यक्तिगत,আপনার ব্যক্তিগত,మీ వ్యక్తిగత,तुमचे वैयक्तिक,உங்கள் தனிப்பட்ட,તમારો વ્યક્તિગત,ನಿಮ್ಮ ವೈಯಕ್ತಿಕ,നിങ്ങളുടെ വ്യക്തിഗത,ਤੁਹਾਡਾ ਨਿੱਜੀ,ଆପଣଙ୍କ ବ୍ୟକ୍ତିଗତ,আপোনাৰ ব্যক্তিগত,آپ کا ذاتی,तव व्यक्तिगतम्,तपाईंको व्यक्तिगत,,,,,,,,
Your result,आपका परिणाम,আপনার ফলাফল,మీ ఫలితం,तुमचा निकाल,உங்கள் முடிவு,તમારું પરિણામ,ನಿಮ್ಮ ಫಲಿತಾಂಶ,നിങ്ങളുടെ ഫലം,ਤੁਹਾਡਾ ਨਤੀਜਾ,ଆପଣଙ୍କ ଫଳାଫଳ,আপোনাৰ ফলাফল,آپ کا نتیجہ,तव फलम्,तपाईंको नतिजा,,,,,,,,
Your spine age,आपकी रीढ़ की उम्र,আপনার মেরুদণ্ডের বয়স,మీ వెన్నెముక వయసు,तुमच्या मणक्याचे वय,உங்கள் முதுகுத்தண்டு வயது,તમારી કરોડરજ્જુની ઉંમર,ನಿಮ್ಮ ಬೆನ್ನುಮೂಳೆಯ ವಯಸ್ಸು,നിങ്ങളുടെ നട്ടെല്ലിന്റെ പ്രായം,ਤੁਹਾਡੀ ਰੀੜ੍ਹ ਦੀ ਉਮਰ,ଆପଣଙ୍କ ମେରୁଦଣ୍ଡର ବୟସ,আপোনাৰ মেৰুদণ্ডৰ বয়স,آپ کی ریڑھ کی ہڈی کی عمر,तव मेरुवयः,तपाईंको मेरुदण्डको उमेर,तुमच्या पाटीच्या कण्याचें वय,अहाँक रीढ़क उमेर,तुंदी रीढ़ दी उमर,,,,,
Your symptoms and lifestyle resemble a noticeably older spine. Early action can slow — and often reverse — this.,आपके लक्षण और जीवनशैली स्पष्ट रूप से अधिक उम्र वाली रीढ़ जैसी हैं। शीघ्र कार्रवाई इसे धीमा कर सकती है — और अक्सर पलट सकती है।,আপনার উপসর্গ ও জীবনযাত্রা লক্ষণীয়ভাবে বয়স্ক মেরুদণ্ডের সাথে মেলে। প্রাথমিক পদক্ষেপ এটি ধীর — এবং প্রায়শই ফিরিয়ে — দিতে পারে।,"మీ లక్షణాలు, జీవనశైలి గమనించదగ్గ స్థాయిలో పెద్ద వయసు వెన్నెముకను పోలి ఉన్నాయి. ముందస్తు చర్యతో దీన్ని నెమ్మది చేయవచ్చు — తరచూ తిప్పికొట్టవచ్చు.",तुमची लक्षणे आणि जीवनशैली लक्षणीयरीत्या जास्त वयाच्या मणक्यासारखी आहेत. लवकर कृती हे मंद करू शकते — आणि बऱ्याचदा उलटही करू शकते.,உங்கள் அறிகுறிகளும் வாழ்க்கைமுறையும் கணிசமாக வயதான முதுகுத்தண்டை ஒத்திருக்கின்றன. ஆரம்பகால நடவடிக்கை இதை மெதுவாக்கும் — பெரும்பாலும் மாற்றியமைக்கவும் செய்யும்.,તમારાં લક્ષણો અને જીવનશૈલી નોંધપાત્ર રીતે વૃદ્ધ કરોડરજ્જુ જેવાં છે. વહેલું પગલું આને ધીમું — અને ઘણીવાર ઉલટાવી — શકે છે.,ನಿಮ್ಮ ಲಕ್ಷಣಗಳು ಮತ್ತು ಜೀವನಶೈಲಿ ಗಮನಾರ್ಹವಾಗಿ ಹೆಚ್ಚು ವಯಸ್ಸಾದ ಬೆನ್ನುಮೂಳೆಯನ್ನು ಹೋಲುತ್ತವೆ. ಮೊದಲೇ ಕ್ರಮ ತೆಗೆದುಕೊಂಡರೆ ಇದನ್ನು ನಿಧಾನಗೊಳಿಸಬಹುದು — ಮತ್ತು ಸಾಮಾನ್ಯವಾಗಿ ಹಿಂದಿರುಗಿಸಬಹುದು.,നിങ്ങളുടെ ലക്ഷണങ്ങളും ജീവിതശൈലിയും വ്യക്തമായും പ്രായമേറിയ ഒരു നട്ടെല്ലിനോട് സാമ്യമുള്ളതാണ്. നേരത്തെയുള്ള നടപടി ഇത് മന്ദഗതിയിലാക്കാം — പലപ്പോഴും മാറ്റാനും.,ਤੁਹਾਡੇ ਲੱਛਣ ਅਤੇ ਜੀਵਨ-ਸ਼ੈਲੀ ਇੱਕ ਕਾਫ਼ੀ ਪੁਰਾਣੀ ਰੀੜ੍ਹ ਵਰਗੇ ਹਨ। ਛੇਤੀ ਕਾਰਵਾਈ ਇਸਨੂੰ ਹੌਲੀ ਕਰ ਸਕਦੀ ਹੈ — ਅਤੇ ਅਕਸਰ ਉਲਟਾ ਸਕਦੀ ਹੈ।,ଆପଣଙ୍କ ଲକ୍ଷଣ ଓ ଜୀବନଶୈଳୀ ସ୍ପଷ୍ଟ ଭାବେ ଅଧିକ ବୟସ୍କ ମେରୁଦଣ୍ଡ ସହ ସମାନ। ଶୀଘ୍ର କାର୍ଯ୍ୟ ଏହାକୁ ମନ୍ଥର କରିପାରେ — ଏବଂ ପ୍ରାୟତଃ ଓଲଟାଇ ପାରେ।,আপোনাৰ লক্ষণ আৰু জীৱনশৈলী এটা লক্ষণীয়ভাৱে বুঢ়া মেৰুদণ্ডৰ দৰে। প্ৰাৰম্ভিক ব্যৱস্থাই ইয়াক লেহেমীয়া কৰিব পাৰে — আৰু প্ৰায়ে ওলোটাব পাৰে।,آپ کی علامات اور طرزِ زندگی نمایاں طور پر بڑی عمر کی ریڑھ کی ہڈی سے مشابہ ہیں۔ جلد اقدام اسے سست — اور اکثر واپس — کر سکتا ہے۔,तव लक्षणानि जीवनशैली च स्पष्टतया जरत्तरमेरुसदृशानि। शीघ्रक्रिया इदं मन्दयितुं — प्रायः प्रतिवर्तयितुं च — शक्नोति।,तपाईंका लक्षण र जीवनशैली स्पष्ट रूपमा बढी उमेरको मेरुदण्डसँग मिल्छन्। प्रारम्भिक कदमले यसलाई सुस्त — र प्रायः उल्टाउन — सक्छ।,,,,,,,,
Your symptoms and lifestyle suggest a spine working younger than your age. Keep moving and watch your sitting to hold this.,आपके लक्षण और जीवनशैली आपकी उम्र से कम उम्र में काम करने वाली रीढ़ का सुझाव देते हैं। इसे बनाए रखने के लिए चलते रहें और अपने बैठने पर ध्यान दें।,আপনার উপসর্গ ও জীবনযাত্রা ইঙ্গিত দেয় আপনার মেরুদণ্ড আপনার বয়সের চেয়ে তরুণভাবে কাজ করছে। এটি ধরে রাখতে চলাফেরা চালিয়ে যান ও বসার দিকে নজর রাখুন।,"మీ లక్షణాలు, జీవనశైలి మీ వయసు కంటే చిన్నగా పనిచేస్తున్న వెన్నెముకను సూచిస్తున్నాయి. దీన్ని నిలుపుకోవడానికి కదులుతూ ఉండండి, మీ కూర్చోవడాన్ని గమనించండి.",तुमची लक्षणे आणि जीवनशैली तुमच्या वयापेक्षा तरुण मणका सुचवतात. हे टिकवण्यासाठी हालचाल सुरू ठेवा आणि बसण्याकडे लक्ष द्या.,"உங்கள் அறிகுறிகளும் வாழ்க்கைமுறையும் உங்கள் வயதைவிட இளமையாக செயல்படும் முதுகுத்தண்டைக் குறிக்கின்றன. தொடர்ந்து இயங்குங்கள், உட்காரும் நேரத்தைக் கவனியுங்கள், இதைத் தக்கவைக்க.",તમારાં લક્ષણો અને જીવનશૈલી તમારી ઉંમર કરતાં યુવાન કામ કરતી કરોડરજ્જુ સૂચવે છે. ગતિશીલ રહો અને આ જાળવવા તમારી બેઠક પર ધ્યાન રાખો.,ನಿಮ್ಮ ಲಕ್ಷಣಗಳು ಮತ್ತು ಜೀವನಶೈಲಿ ನಿಮ್ಮ ವಯಸ್ಸಿಗಿಂತ ಕಿರಿಯ ಬೆನ್ನುಮೂಳೆಯನ್ನು ಸೂಚಿಸುತ್ತವೆ. ಇದನ್ನು ಕಾಪಾಡಿಕೊಳ್ಳಲು ಚಲನೆಯಲ್ಲಿರಿ ಮತ್ತು ನಿಮ್ಮ ಕುಳಿತುಕೊಳ್ಳುವಿಕೆಯ ಬಗ್ಗೆ ಗಮನವಿರಲಿ.,നിങ്ങളുടെ ലക്ഷണങ്ങളും ജീവിതശൈലിയും നിങ്ങളുടെ പ്രായത്തെക്കാൾ ചെറുപ്പമായ നട്ടെല്ലിനെ സൂചിപ്പിക്കുന്നു. ചലിച്ചുകൊണ്ടിരിക്കുകയും ഇരിപ്പ് ശ്രദ്ധിക്കുകയും ചെയ്ത് ഇത് നിലനിർത്തുക.,ਤੁਹਾਡੇ ਲੱਛਣ ਅਤੇ ਜੀਵਨ-ਸ਼ੈਲੀ ਦੱਸਦੇ ਹਨ ਕਿ ਤੁਹਾਡੀ ਰੀੜ੍ਹ ਤੁਹਾਡੀ ਉਮਰ ਨਾਲੋਂ ਜਵਾਨ ਕੰਮ ਕਰ ਰਹੀ ਹੈ। ਚੱਲਦੇ ਰਹੋ ਅਤੇ ਇਸਨੂੰ ਬਣਾਈ ਰੱਖਣ ਲਈ ਆਪਣੇ ਬੈਠਣ 'ਤੇ ਧਿਆਨ ਰੱਖੋ।,ଆପଣଙ୍କ ଲକ୍ଷଣ ଓ ଜୀବନଶୈଳୀ ଦର୍ଶାଉଛି ଯେ ଆପଣଙ୍କ ମେରୁଦଣ୍ଡ ଆପଣଙ୍କ ବୟସଠାରୁ କମ୍ ବୟସରେ କାମ କରୁଛି। ଏହାକୁ ବଜାୟ ରଖିବାକୁ ଚାଲିବା ଜାରି ରଖନ୍ତୁ ଓ ବସିବାକୁ ଲକ୍ଷ୍ୟ କରନ୍ତୁ।,আপোনাৰ লক্ষণ আৰু জীৱনশৈলীয়ে আপোনাৰ বয়সতকৈ সৰু মেৰুদণ্ড বুজায়। ইয়াক ধৰি ৰাখিবলৈ চলি থাকক আৰু বহি থকাৰ ফালে মন দিয়ক।,آپ کی علامات اور طرزِ زندگی ظاہر کرتے ہیں کہ آپ کی ریڑھ کی ہڈی آپ کی عمر سے کم عمر کام کر رہی ہے۔ متحرک رہیں اور اپنے بیٹھنے کا خیال رکھیں تاکہ یہ برقرار رہے۔,तव लक्षणानि जीवनशैली च तव वयसः अपेक्षया तरुणतरं कार्यरतं मेरुं सूचयन्ति। चलन्तं उपवेशनं च अवलोकयन् इदं रक्षतु।,तपाईंका लक्षण र जीवनशैलीले तपाईंको उमेरभन्दा कम उमेरमा काम गरिरहेको मेरुदण्ड सुझाव दिन्छ। यसलाई कायम राख्न चलिरहनुहोस् र बस्ने बानीमा ध्यान दिनुहोस्।,,,,,,,,
lower back,पीठ का निचला हिस्सा,কোমর,నడుము,कंबर,கீழ் முதுகு,કમર,ಸೊಂಟ,നടുവ്,ਹੇਠਲੀ ਪਿੱਠ,ତଳ ପିଠି,কঁকাল,کمر,कटिः,कम्मर,,,,,,,,
lower-back,पीठ का निचला हिस्सा,কোমর,నడుము,कंबर,கீழ் முதுகு,કમર,ಸೊಂಟದ,നടുവ്,ਹੇਠਲੀ-ਪਿੱਠ,ତଳ-ପିଠି,কঁকালৰ,کمر,कटि-,कम्मर,,,,,,,,
on par,समान,সমান,సమానంగా,समान,சமமான,સમકક્ષ,ಸಮಾನ,തുല്യം,ਬਰਾਬਰ,ସମାନ ସ୍ତରରେ,সমান,برابر,समानम्,बराबर,,,,,,,,
out of 11,11 में से,১১-এর মধ্যে,11లో,11 पैकी,11 இல்,11 માંથી,11 ರಲ್ಲಿ,11 ൽ,11 ਵਿੱਚੋਂ,୧୧ ମଧ୍ୟରୁ,11ৰ ভিতৰত,11 میں سے,११ मध्ये,११ मध्ये,,,,,,,,
protect your lower back,अपनी पीठ के निचले हिस्से की रक्षा करें,আপনার কোমর রক্ষা করুন,మీ నడుమును రక్షించుకోండి,तुमच्या कंबरेचे रक्षण करा,உங்கள் கீழ் முதுகைப் பாதுகாக்க,તમારી કમરનું રક્ષણ કરો,ನಿಮ್ಮ ಸೊಂಟವನ್ನು ರಕ್ಷಿಸಿ,നിങ്ങളുടെ നടുവിനെ സംരക്ഷിക്കുക,ਆਪਣੀ ਹੇਠਲੀ ਪਿੱਠ ਦੀ ਰੱਖਿਆ ਕਰੋ,ଆପଣଙ୍କ ତଳ ପିଠିକୁ ସୁରକ୍ଷା ଦିଅନ୍ତୁ,আপোনাৰ কঁকাল সুৰক্ষিত কৰক,اپنی کمر کی حفاظت کریں,तव कटिं रक्षतु,आफ्नो कम्मर जोगाउनुहोस्,,,,,,,,
score,स्कोर,স্কোর,స్కోర్,स्कोअर,மதிப்பெண்,સ્કોર,ಸ್ಕೋರ್,സ്കോർ,ਸਕੋਰ,ସ୍କୋର,স্ক'ৰ,اسکور,अंकः,स्कोर,,,,,,,,
today?,आज?,আজ?,ఈరోజు?,आज?,இன்று?,આજે?,ಇಂದು?,ഇന്ന്?,ਅੱਜ?,ଆଜି?,আজি?,آج؟,अद्य?,आज?,,,,,,,,
yrs older,वर्ष अधिक,বছর বড়,ఏళ్లు పెద్ద,वर्षे जास्त,வயது மூத்தது,વર્ષ વૃદ્ધ,ವರ್ಷ ಹೆಚ್ಚು,വയസ്സ് കൂടുതൽ,ਸਾਲ ਵੱਡੀ,ବର୍ଷ ବଡ଼,বছৰ বুঢ়া,سال بڑی,वर्षैः जरत्तरम्,वर्ष बूढो,,,,,,,,
yrs younger,वर्ष कम,বছর ছোট,ఏళ్లు చిన్న,वर्षे कमी,வயது இளையது,વર્ષ યુવાન,ವರ್ಷ ಕಿರಿಯ,വയസ്സ് കുറവ്,ਸਾਲ ਛੋਟੀ,ବର୍ଷ ଛୋଟ,বছৰ সৰু,سال چھوٹی,वर्षैः तरुणतरम्,वर्ष कान्छो,,,,,,,,
· Spine Severity System,,,,,,,· ಸ್ಪೈನ್ ಸಿವಿಯರಿಟಿ ಸಿಸ್ಟಮ್,,,,,,,,,,,,,,,
‹,,,,,,,,,,,,,,,,,,,,,,
›,,,,,,,,,,,,,,,,,,,,,,